GAME_ID,EVENTNUM,EVENTMSGTYPE,EVENTMSGACTIONTYPE,PERIOD,WCTIMESTRING,PCTIMESTRING,HOMEDESCRIPTION,NEUTRALDESCRIPTION,VISITORDESCRIPTION,SCORE,SCOREMARGIN,PERSON1TYPE,PLAYER1_ID,PLAYER1_NAME,PLAYER1_TEAM_ID,PLAYER1_TEAM_CITY,PLAYER1_TEAM_NICKNAME,PLAYER1_TEAM_ABBREVIATION,PERSON2TYPE,PLAYER2_ID,PLAYER2_NAME,PLAYER2_TEAM_ID,PLAYER2_TEAM_CITY,PLAYER2_TEAM_NICKNAME,PLAYER2_TEAM_ABBREVIATION,PERSON3TYPE,PLAYER3_ID,PLAYER3_NAME,PLAYER3_TEAM_ID,PLAYER3_TEAM_CITY,PLAYER3_TEAM_NICKNAME,PLAYER3_TEAM_ABBREVIATION,VIDEO_AVAILABLE_FLAG
0022400799,2,12,0,1,7:11 PM,12:00,,Start of 1st Period (7:11 PM EST),,,,0,0,,,,,,0,0,,,,,,0,0,,,,,,0
0022400799,4,10,0,1,7:11 PM,12:00,Jump Ball Sarr vs. Lopez: Tip to George,,,,,4,1642259,Alex Sarr,1610612764.0,Washington,Wizards,WAS,5,201572,Brook Lopez,1610612749.0,Milwaukee,Bucks,MIL,4,1642273,Kyshawn George,1610612764.0,Washington,Wizards,WAS,1
0022400799,7,5,13,1,7:11 PM,11:50,Middleton Backcourt Turnover (P1.T1),,,,,4,203114,Khris Middleton,1610612764.0,Washington,Wizards,WAS,0,0,,,,,,0,0,,,,,,1
0022400799,8,2,6,1,7:12 PM,11:38,George BLOCK (1 BLK),,MISS Kuzma 6' Driving Layup,,,5,1628398,Kyle Kuzma,1610612749.0,Milwaukee,Bucks,MIL,0,0,,,,,,4,1642273,Kyshawn George,1610612764.0,Washington,Wizards,WAS,1
0022400799,9,4,0,1,7:12 PM,11:36,Sarr REBOUND (Off:0 Def:1),,,,,4,1642259,Alex Sarr,1610612764.0,Washington,Wizards,WAS,0,0,,,,,,0,0,,,,,,1
0022400799,10,5,2,1,7:12 PM,11:35,Sarr Lost Ball Turnover (P1.T2),,Antetokounmpo STEAL (1 STL),,,4,1642259,Alex Sarr,1610612764.0,Washington,Wizards,WAS,5,203507,Giannis Antetokounmpo,1610612749.0,Milwaukee,Bucks,MIL,0,0,,,,,,1
0022400799,12,2,44,1,7:12 PM,11:33,,,MISS Kuzma 3' Reverse Layup,,,5,1628398,Kyle Kuzma,1610612749.0,Milwaukee,Bucks,MIL,0,0,,,,,,0,0,,,,,,1
0022400799,13,4,0,1,7:12 PM,11:31,Sarr REBOUND (Off:0 Def:2),,,,,4,1642259,Alex Sarr,1610612764.0,Washington,Wizards,WAS,0,0,,,,,,0,0,,,,,,1
0022400799,14,2,79,1,7:12 PM,11:15,MISS Coulibaly 15' Pullup Jump Shot,,,,,4,1641731,Bilal Coulibaly,1610612764.0,Washington,Wizards,WAS,0,0,,,,,,0,0,,,,,,1
0022400799,15,4,0,1,7:12 PM,11:12,,,Lopez REBOUND (Off:0 Def:1),,,5,201572,Brook Lopez,1610612749.0,Milwaukee,Bucks,MIL,0,0,,,,,,0,0,,,,,,1
0022400799,16,1,3,1,7:13 PM,11:01,,,Lopez 17' Hook Shot (2 PTS) (Rollins 1 AST),2 - 0,-2,5,201572,Brook Lopez,1610612749.0,Milwaukee,Bucks,MIL,5,1631157,Ryan Rollins,1610612749.0,Milwaukee,Bucks,MIL,0,0,,,,,,1
0022400799,18,6,1,1,7:13 PM,10:48,,,Antetokounmpo P.FOUL (P1.T1) (M.Dagher),,,5,203507,Giannis Antetokounmpo,1610612749.0,Milwaukee,Bucks,MIL,4,1642259,Alex Sarr,1610612764.0,Washington,Wizards,WAS,1,0,,,,,,1
0022400799,20,6,1,1,7:13 PM,10:46,,,Rollins P.FOUL (P1.T2) (J.Sterling),,,5,1631157,Ryan Rollins,1610612749.0,Milwaukee,Bucks,MIL,4,1629673,Jordan Poole,1610612764.0,Washington,Wizards,WAS,1,0,,,,,,1
0022400799,23,1,83,1,7:14 PM,10:44,Middleton 7' Fadeaway Bank Shot (2 PTS) (Poole 1 AST),,,2 - 2,TIE,4,203114,Khris Middleton,1610612764.0,Washington,Wizards,WAS,4,1629673,Jordan Poole,1610612764.0,Washington,Wizards,WAS,0,0,,,,,,1
0022400799,25,2,1,1,7:14 PM,10:27,,,MISS Lopez 29' 3PT Jump Shot,,,5,201572,Brook Lopez,1610612749.0,Milwaukee,Bucks,MIL,0,0,,,,,,0,0,,,,,,1
0022400799,26,4,0,1,7:14 PM,10:23,George REBOUND (Off:0 Def:1),,,,,4,1642273,Kyshawn George,1610612764.0,Washington,Wizards,WAS,0,0,,,,,,0,0,,,,,,1
0022400799,27,1,1,1,7:14 PM,10:16,Sarr 3PT Jump Shot (3 PTS) (Coulibaly 1 AST),,,2 - 5,3,4,1642259,Alex Sarr,1610612764.0,Washington,Wizards,WAS,4,1641731,Bilal Coulibaly,1610612764.0,Washington,Wizards,WAS,0,0,,,,,,1
0022400799,29,6,2,1,7:14 PM,9:59,Coulibaly S.FOUL (P1.T1) (S.Foster),,,,,4,1641731,Bilal Coulibaly,1610612764.0,Washington,Wizards,WAS,5,203507,Giannis Antetokounmpo,1610612749.0,Milwaukee,Bucks,MIL,1,0,,,,,,1
0022400799,31,3,11,1,7:15 PM,9:59,,,MISS Antetokounmpo Free Throw 1 of 2,,,5,203507,Giannis Antetokounmpo,1610612749.0,Milwaukee,Bucks,MIL,0,0,,,,,,0,0,,,,,,1
0022400799,32,4,1,1,7:15 PM,9:59,,,Bucks Rebound,,,3,1610612749,,,,,,0,0,,,,,,0,0,,,,,,0
0022400799,33,3,12,1,7:15 PM,9:59,,,Antetokounmpo Free Throw 2 of 2 (1 PTS),3 - 5,2,5,203507,Giannis Antetokounmpo,1610612749.0,Milwaukee,Bucks,MIL,0,0,,,,,,0,0,,,,,,1
0022400799,34,1,79,1,7:16 PM,9:48,Middleton 21' Pullup Jump Shot (4 PTS) (Coulibaly 2 AST),,,3 - 7,4,4,203114,Khris Middleton,1610612764.0,Washington,Wizards,WAS,4,1641731,Bilal Coulibaly,1610612764.0,Washington,Wizards,WAS,0,0,,,,,,1
0022400799,36,6,2,1,7:16 PM,9:48,,,Kuzma S.FOUL (P1.T3) (J.Sterling),,,5,1628398,Kyle Kuzma,1610612749.0,Milwaukee,Bucks,MIL,4,203114,Khris Middleton,1610612764.0,Washington,Wizards,WAS,1,0,,,,,,1
0022400799,38,3,10,1,7:16 PM,9:48,Middleton Free Throw 1 of 1 (5 PTS),,,3 - 8,5,4,203114,Khris Middleton,1610612764.0,Washington,Wizards,WAS,0,0,,,,,,0,0,,,,,,0
0022400799,39,5,1,1,7:16 PM,9:22,Sarr STEAL (1 STL),,Antetokounmpo Bad Pass Turnover (P1.T1),,,5,203507,Giannis Antetokounmpo,1610612749.0,Milwaukee,Bucks,MIL,4,1642259,Alex Sarr,1610612764.0,Washington,Wizards,WAS,0,0,,,,,,1
0022400799,41,2,41,1,7:16 PM,9:17,MISS Poole 5' Running Layup,,Lopez BLOCK (1 BLK),,,4,1629673,Jordan Poole,1610612764.0,Washington,Wizards,WAS,0,0,,,,,,5,201572,Brook Lopez,1610612749.0,Milwaukee,Bucks,MIL,1
0022400799,43,4,0,1,7:16 PM,9:17,,,Bucks Rebound,,,3,1610612749,,,,,,0,0,,,,,,0,0,,,,,,0
0022400799,45,2,73,1,7:17 PM,9:04,,,MISS Antetokounmpo 1' Driving Reverse Layup,,,5,203507,Giannis Antetokounmpo,1610612749.0,Milwaukee,Bucks,MIL,0,0,,,,,,0,0,,,,,,1
0022400799,46,4,0,1,7:17 PM,9:02,Sarr REBOUND (Off:0 Def:3),,,,,4,1642259,Alex Sarr,1610612764.0,Washington,Wizards,WAS,0,0,,,,,,0,0,,,,,,1
0022400799,47,1,1,1,7:17 PM,8:52,Sarr 17' Jump Shot (5 PTS) (George 1 AST),,,3 - 10,7,4,1642259,Alex Sarr,1610612764.0,Washington,Wizards,WAS,4,1642273,Kyshawn George,1610612764.0,Washington,Wizards,WAS,0,0,,,,,,1
0022400799,49,1,1,1,7:17 PM,8:33,,,Lopez 26' 3PT Jump Shot (5 PTS) (Rollins 2 AST),6 - 10,4,5,201572,Brook Lopez,1610612749.0,Milwaukee,Bucks,MIL,5,1631157,Ryan Rollins,1610612749.0,Milwaukee,Bucks,MIL,0,0,,,,,,1
0022400799,51,1,1,1,7:18 PM,8:14,George 30' 3PT Jump Shot (3 PTS) (Sarr 1 AST),,,6 - 13,7,4,1642273,Kyshawn George,1610612764.0,Washington,Wizards,WAS,4,1642259,Alex Sarr,1610612764.0,Washington,Wizards,WAS,0,0,,,,,,1
0022400799,53,1,9,1,7:18 PM,7:59,,,Antetokounmpo 2' Driving Dunk (3 PTS) (Green 1 AST),8 - 13,5,5,203507,Giannis Antetokounmpo,1610612749.0,Milwaukee,Bucks,MIL,5,1631260,AJ Green,1610612749.0,Milwaukee,Bucks,MIL,0,0,,,,,,1
0022400799,54,2,6,1,7:18 PM,7:45,MISS George 4' Driving Layup,,,,,4,1642273,Kyshawn George,1610612764.0,Washington,Wizards,WAS,0,0,,,,,,0,0,,,,,,1
0022400799,55,4,0,1,7:18 PM,7:43,,,Kuzma REBOUND (Off:0 Def:1),,,5,1628398,Kyle Kuzma,1610612749.0,Milwaukee,Bucks,MIL,0,0,,,,,,0,0,,,,,,1
0022400799,56,2,6,1,7:18 PM,7:34,Sarr BLOCK (1 BLK),,MISS Rollins 7' Driving Layup,,,5,1631157,Ryan Rollins,1610612749.0,Milwaukee,Bucks,MIL,0,0,,,,,,4,1642259,Alex Sarr,1610612764.0,Washington,Wizards,WAS,1
0022400799,58,4,0,1,7:18 PM,7:34,,,Bucks Rebound,,,3,1610612749,,,,,,0,0,,,,,,0,0,,,,,,0
0022400799,60,5,1,1,7:19 PM,7:32,Middleton STEAL (1 STL),,Rollins Bad Pass Turnover (P1.T2),,,5,1631157,Ryan Rollins,1610612749.0,Milwaukee,Bucks,MIL,4,203114,Khris Middleton,1610612764.0,Washington,Wizards,WAS,0,0,,,,,,1
0022400799,63,6,2,1,7:19 PM,7:28,,,Kuzma S.FOUL (P2.T4) (M.Dagher),,,5,1628398,Kyle Kuzma,1610612749.0,Milwaukee,Bucks,MIL,4,1642259,Alex Sarr,1610612764.0,Washington,Wizards,WAS,1,0,,,,,,1
0022400799,65,3,11,1,7:19 PM,7:28,MISS Sarr Free Throw 1 of 2,,,,,4,1642259,Alex Sarr,1610612764.0,Washington,Wizards,WAS,0,0,,,,,,0,0,,,,,,1
0022400799,66,4,1,1,7:19 PM,7:28,WIZARDS Rebound,,,,,2,1610612764,,,,,,0,0,,,,,,0,0,,,,,,0
0022400799,69,3,12,1,7:19 PM,7:28,MISS Sarr Free Throw 2 of 2,,,,,4,1642259,Alex Sarr,1610612764.0,Washington,Wizards,WAS,0,0,,,,,,0,0,,,,,,1
0022400799,67,8,0,1,7:19 PM,7:28,,,SUB: Trent Jr. FOR Kuzma,,,5,1628398,Kyle Kuzma,1610612749.0,Milwaukee,Bucks,MIL,5,1629018,Gary Trent Jr.,1610612749.0,Milwaukee,Bucks,MIL,0,0,,,,,,0
0022400799,70,4,0,1,7:19 PM,7:25,,,Green REBOUND (Off:0 Def:1),,,5,1631260,AJ Green,1610612749.0,Milwaukee,Bucks,MIL,0,0,,,,,,0,0,,,,,,1
0022400799,71,2,1,1,7:20 PM,7:16,,,MISS Rollins 27' 3PT Jump Shot,,,5,1631157,Ryan Rollins,1610612749.0,Milwaukee,Bucks,MIL,0,0,,,,,,0,0,,,,,,1
0022400799,72,4,0,1,7:20 PM,7:14,Coulibaly REBOUND (Off:0 Def:1),,,,,4,1641731,Bilal Coulibaly,1610612764.0,Washington,Wizards,WAS,0,0,,,,,,0,0,,,,,,1
0022400799,73,2,79,1,7:20 PM,7:07,MISS Poole 26' 3PT Pullup Jump Shot,,,,,4,1629673,Jordan Poole,1610612764.0,Washington,Wizards,WAS,0,0,,,,,,0,0,,,,,,1
0022400799,74,4,0,1,7:20 PM,7:04,,,Green REBOUND (Off:0 Def:2),,,5,1631260,AJ Green,1610612749.0,Milwaukee,Bucks,MIL,0,0,,,,,,0,0,,,,,,1
0022400799,75,2,1,1,7:20 PM,6:56,,,MISS Trent Jr. 26' 3PT Jump Shot,,,5,1629018,Gary Trent Jr.,1610612749.0,Milwaukee,Bucks,MIL,0,0,,,,,,0,0,,,,,,1
0022400799,76,4,0,1,7:20 PM,6:53,,,Lopez REBOUND (Off:1 Def:1),,,5,201572,Brook Lopez,1610612749.0,Milwaukee,Bucks,MIL,0,0,,,,,,0,0,,,,,,1
0022400799,78,9,1,1,7:20 PM,6:48,WIZARDS Timeout: Regular (Full 1 Short 0),,,,,2,1610612764,,,,,,0,0,,,,,,0,0,,,,,,0
0022400799,80,6,26,1,7:24 PM,6:44,,,Antetokounmpo Offensive Charge Foul (P2) (M.Dagher),,,5,203507,Giannis Antetokounmpo,1610612749.0,Milwaukee,Bucks,MIL,4,203114,Khris Middleton,1610612764.0,Washington,Wizards,WAS,1,0,,,,,,1
0022400799,82,5,37,1,7:24 PM,6:44,,,Antetokounmpo Offensive Foul Turnover (P2.T3),,,5,203507,Giannis Antetokounmpo,1610612749.0,Milwaukee,Bucks,MIL,0,0,,,,,,1,0,,,,,,1
0022400799,83,6,2,1,7:24 PM,6:35,,,Rollins S.FOUL (P2.PN) (J.Sterling),,,5,1631157,Ryan Rollins,1610612749.0,Milwaukee,Bucks,MIL,4,1642259,Alex Sarr,1610612764.0,Washington,Wizards,WAS,1,0,,,,,,1
0022400799,85,3,11,1,7:24 PM,6:35,MISS Sarr Free Throw 1 of 2,,,,,4,1642259,Alex Sarr,1610612764.0,Washington,Wizards,WAS,0,0,,,,,,0,0,,,,,,1
0022400799,86,4,1,1,7:24 PM,6:35,WIZARDS Rebound,,,,,2,1610612764,,,,,,0,0,,,,,,0,0,,,,,,0
0022400799,87,8,0,1,7:24 PM,6:35,,,SUB: Connaughton FOR Antetokounmpo,,,5,203507,Giannis Antetokounmpo,1610612749.0,Milwaukee,Bucks,MIL,5,1626192,Pat Connaughton,1610612749.0,Milwaukee,Bucks,MIL,0,0,,,,,,0
0022400799,89,3,12,1,7:25 PM,6:35,Sarr Free Throw 2 of 2 (6 PTS),,,8 - 14,6,4,1642259,Alex Sarr,1610612764.0,Washington,Wizards,WAS,0,0,,,,,,0,0,,,,,,1
0022400799,90,2,101,1,7:25 PM,6:21,,,MISS Lopez 10' Driving Floating Jump Shot,,,5,201572,Brook Lopez,1610612749.0,Milwaukee,Bucks,MIL,0,0,,,,,,0,0,,,,,,1
0022400799,91,4,0,1,7:25 PM,6:18,Poole REBOUND (Off:0 Def:1),,,,,4,1629673,Jordan Poole,1610612764.0,Washington,Wizards,WAS,0,0,,,,,,0,0,,,,,,1
0022400799,92,2,2,1,7:25 PM,6:14,MISS George 28' 3PT Running Jump Shot,,,,,4,1642273,Kyshawn George,1610612764.0,Washington,Wizards,WAS,0,0,,,,,,0,0,,,,,,1
0022400799,93,4,0,1,7:25 PM,6:12,Coulibaly REBOUND (Off:1 Def:1),,,,,4,1641731,Bilal Coulibaly,1610612764.0,Washington,Wizards,WAS,0,0,,,,,,0,0,,,,,,1
0022400799,94,1,1,1,7:25 PM,6:04,Sarr 27' 3PT Jump Shot (9 PTS) (George 2 AST),,,8 - 17,9,4,1642259,Alex Sarr,1610612764.0,Washington,Wizards,WAS,4,1642273,Kyshawn George,1610612764.0,Washington,Wizards,WAS,0,0,,,,,,1
0022400799,96,7,5,1,7:25 PM,5:56,Poole Violation:Kicked Ball (M.Dagher),,,,,4,1629673,Jordan Poole,1610612764.0,Washington,Wizards,WAS,0,0,,,,,,1,0,,,,,,0
0022400799,97,8,0,1,7:25 PM,5:56,SUB: Carrington FOR George,,,,,4,1642273,Kyshawn George,1610612764.0,Washington,Wizards,WAS,4,1642267,Bub Carrington,1610612764.0,Washington,Wizards,WAS,0,0,,,,,,0
0022400799,98,8,0,1,7:25 PM,5:56,SUB: Kispert FOR Middleton,,,,,4,203114,Khris Middleton,1610612764.0,Washington,Wizards,WAS,4,1630557,Corey Kispert,1610612764.0,Washington,Wizards,WAS,0,0,,,,,,0
0022400799,101,1,79,1,7:26 PM,5:51,,,Green 29' 3PT Pullup Jump Shot (3 PTS) (Lopez 1 AST),11 - 17,6,5,1631260,AJ Green,1610612749.0,Milwaukee,Bucks,MIL,5,201572,Brook Lopez,1610612749.0,Milwaukee,Bucks,MIL,0,0,,,,,,1
0022400799,103,1,75,1,7:26 PM,5:29,Poole 3' Driving Finger Roll Layup (2 PTS),,,11 - 19,8,4,1629673,Jordan Poole,1610612764.0,Washington,Wizards,WAS,0,0,,,,,,0,0,,,,,,1
0022400799,104,2,1,1,7:26 PM,5:18,,,MISS Lopez 32' 3PT Jump Shot,,,5,201572,Brook Lopez,1610612749.0,Milwaukee,Bucks,MIL,0,0,,,,,,0,0,,,,,,1
0022400799,105,4,0,1,7:26 PM,5:16,WIZARDS Rebound,,,,,2,1610612764,,,,,,0,0,,,,,,0,0,,,,,,0
0022400799,107,8,0,1,7:27 PM,5:16,,,SUB: Porter Jr. FOR Lopez,,,5,201572,Brook Lopez,1610612749.0,Milwaukee,Bucks,MIL,5,1629645,Kevin Porter Jr.,1610612749.0,Milwaukee,Bucks,MIL,0,0,,,,,,0
0022400799,108,8,0,1,7:27 PM,5:16,,,SUB: Sims FOR Rollins,,,5,1631157,Ryan Rollins,1610612749.0,Milwaukee,Bucks,MIL,5,1630579,Jericho Sims,1610612749.0,Milwaukee,Bucks,MIL,0,0,,,,,,0
0022400799,111,2,80,1,7:27 PM,4:56,MISS Poole 30' 3PT Step Back Jump Shot,,,,,4,1629673,Jordan Poole,1610612764.0,Washington,Wizards,WAS,0,0,,,,,,0,0,,,,,,1
0022400799,112,4,0,1,7:27 PM,4:54,,,Trent Jr. REBOUND (Off:0 Def:1),,,5,1629018,Gary Trent Jr.,1610612749.0,Milwaukee,Bucks,MIL,0,0,,,,,,0,0,,,,,,1
0022400799,113,1,102,1,7:28 PM,4:38,,,Porter Jr. 11' Driving Floating Bank Jump Shot (2 PTS),13 - 19,6,5,1629645,Kevin Porter Jr.,1610612749.0,Milwaukee,Bucks,MIL,0,0,,,,,,0,0,,,,,,1
0022400799,114,9,1,1,7:28 PM,4:32,WIZARDS Timeout: Regular (Full 2 Short 0),,,,,2,1610612764,,,,,,0,0,,,,,,0,0,,,,,,0
0022400799,115,8,0,1,7:28 PM,4:32,SUB: Smart FOR Poole,,,,,4,1629673,Jordan Poole,1610612764.0,Washington,Wizards,WAS,4,203935,Marcus Smart,1610612764.0,Washington,Wizards,WAS,0,0,,,,,,0
0022400799,116,8,0,1,7:28 PM,4:32,SUB: Holmes FOR Sarr,,,,,4,1642259,Alex Sarr,1610612764.0,Washington,Wizards,WAS,4,1626158,Richaun Holmes,1610612764.0,Washington,Wizards,WAS,0,0,,,,,,0
0022400799,119,1,1,1,7:31 PM,4:26,Kispert 28' 3PT Jump Shot (3 PTS) (Coulibaly 3 AST),,,13 - 22,9,4,1630557,Corey Kispert,1610612764.0,Washington,Wizards,WAS,4,1641731,Bilal Coulibaly,1610612764.0,Washington,Wizards,WAS,0,0,,,,,,1
0022400799,121,2,1,1,7:31 PM,4:09,,,MISS Green 27' 3PT Jump Shot,,,5,1631260,AJ Green,1610612749.0,Milwaukee,Bucks,MIL,0,0,,,,,,0,0,,,,,,1
0022400799,122,4,0,1,7:31 PM,4:05,Carrington REBOUND (Off:0 Def:1),,,,,4,1642267,Bub Carrington,1610612764.0,Washington,Wizards,WAS,0,0,,,,,,0,0,,,,,,1
0022400799,123,1,79,1,7:31 PM,4:00,Carrington 17' Pullup Jump Shot (2 PTS),,,13 - 24,11,4,1642267,Bub Carrington,1610612764.0,Washington,Wizards,WAS,0,0,,,,,,0,0,,,,,,1
0022400799,124,1,101,1,7:32 PM,3:41,,,Trent Jr. 5' Driving Floating Jump Shot (2 PTS) (Porter Jr. 1 AST),15 - 24,9,5,1629018,Gary Trent Jr.,1610612749.0,Milwaukee,Bucks,MIL,5,1629645,Kevin Porter Jr.,1610612749.0,Milwaukee,Bucks,MIL,0,0,,,,,,1
0022400799,125,1,1,1,7:32 PM,3:22,Smart 26' 3PT Jump Shot (3 PTS) (Holmes 1 AST),,,15 - 27,12,4,203935,Marcus Smart,1610612764.0,Washington,Wizards,WAS,4,1626158,Richaun Holmes,1610612764.0,Washington,Wizards,WAS,0,0,,,,,,1
0022400799,127,5,40,1,7:32 PM,3:08,,,Connaughton Out of Bounds Lost Ball Turnover (P1.T4),,,5,1626192,Pat Connaughton,1610612749.0,Milwaukee,Bucks,MIL,0,0,,,,,,1,0,,,,,,1
0022400799,128,8,0,1,7:32 PM,3:08,SUB: George FOR Coulibaly,,,,,4,1641731,Bilal Coulibaly,1610612764.0,Washington,Wizards,WAS,4,1642273,Kyshawn George,1610612764.0,Washington,Wizards,WAS,0,0,,,,,,0
0022400799,129,8,0,1,7:32 PM,3:08,,,SUB: Jackson Jr. FOR Green,,,5,1631260,AJ Green,1610612749.0,Milwaukee,Bucks,MIL,5,1641748,Andre Jackson Jr.,1610612749.0,Milwaukee,Bucks,MIL,0,0,,,,,,0
0022400799,133,2,101,1,7:33 PM,2:54,MISS George 13' Driving Floating Jump Shot,,,,,4,1642273,Kyshawn George,1610612764.0,Washington,Wizards,WAS,0,0,,,,,,0,0,,,,,,1
0022400799,134,4,0,1,7:33 PM,2:53,Holmes REBOUND (Off:1 Def:0),,,,,4,1626158,Richaun Holmes,1610612764.0,Washington,Wizards,WAS,0,0,,,,,,0,0,,,,,,0
0022400799,224,2,97,1,7:33 PM,2:52,MISS Holmes 2' Tip Layup Shot,,,,,4,1626158,Richaun Holmes,1610612764.0,Washington,Wizards,WAS,0,0,,,,,,0,0,,,,,,1
0022400799,225,4,0,1,7:33 PM,2:52,,,Bucks Rebound,,,3,1610612749,,,,,,0,0,,,,,,0,0,,,,,,1
0022400799,136,1,63,1,7:33 PM,2:33,,,Trent Jr. 11' Fadeaway Jumper (4 PTS),17 - 27,10,5,1629018,Gary Trent Jr.,1610612749.0,Milwaukee,Bucks,MIL,0,0,,,,,,0,0,,,,,,1
0022400799,138,1,1,1,7:34 PM,2:15,Kispert 25' 3PT Jump Shot (6 PTS) (Holmes 2 AST),,,17 - 30,13,4,1630557,Corey Kispert,1610612764.0,Washington,Wizards,WAS,4,1626158,Richaun Holmes,1610612764.0,Washington,Wizards,WAS,0,0,,,,,,1
0022400799,140,2,71,1,7:34 PM,1:54,,,MISS Jackson Jr. 8' Finger Roll Layup,,,5,1641748,Andre Jackson Jr.,1610612749.0,Milwaukee,Bucks,MIL,0,0,,,,,,0,0,,,,,,1
0022400799,141,4,0,1,7:34 PM,1:52,Carrington REBOUND (Off:0 Def:2),,,,,4,1642267,Bub Carrington,1610612764.0,Washington,Wizards,WAS,0,0,,,,,,0,0,,,,,,1
0022400799,142,2,79,1,7:34 PM,1:45,MISS Carrington 28' 3PT Pullup Jump Shot,,,,,4,1642267,Bub Carrington,1610612764.0,Washington,Wizards,WAS,0,0,,,,,,0,0,,,,,,1
0022400799,143,4,0,1,7:34 PM,1:40,,,Sims REBOUND (Off:0 Def:1),,,5,1630579,Jericho Sims,1610612749.0,Milwaukee,Bucks,MIL,0,0,,,,,,0,0,,,,,,1
0022400799,144,2,79,1,7:34 PM,1:32,,,MISS Trent Jr. 20' Pullup Jump Shot,,,5,1629018,Gary Trent Jr.,1610612749.0,Milwaukee,Bucks,MIL,0,0,,,,,,0,0,,,,,,1
0022400799,145,4,0,1,7:34 PM,1:29,,,Porter Jr. REBOUND (Off:1 Def:0),,,5,1629645,Kevin Porter Jr.,1610612749.0,Milwaukee,Bucks,MIL,0,0,,,,,,0,0,,,,,,1
0022400799,146,2,1,1,7:35 PM,1:17,,,MISS Trent Jr. 27' 3PT Jump Shot,,,5,1629018,Gary Trent Jr.,1610612749.0,Milwaukee,Bucks,MIL,0,0,,,,,,0,0,,,,,,1
0022400799,147,4,0,1,7:35 PM,1:15,WIZARDS Rebound,,,,,2,1610612764,,,,,,0,0,,,,,,0,0,,,,,,0
0022400799,149,1,79,1,7:35 PM,0:57,Carrington 11' Pullup Jump Shot (4 PTS) (Holmes 3 AST),,,17 - 32,15,4,1642267,Bub Carrington,1610612764.0,Washington,Wizards,WAS,4,1626158,Richaun Holmes,1610612764.0,Washington,Wizards,WAS,0,0,,,,,,1
0022400799,150,1,57,1,7:36 PM,0:33,,,Connaughton 9' Driving Hook Shot (2 PTS),19 - 32,13,5,1626192,Pat Connaughton,1610612749.0,Milwaukee,Bucks,MIL,0,0,,,,,,0,0,,,,,,1
0022400799,151,2,1,1,7:36 PM,0:28,MISS Kispert 24' 3PT Jump Shot,,,,,4,1630557,Corey Kispert,1610612764.0,Washington,Wizards,WAS,0,0,,,,,,0,0,,,,,,1
0022400799,152,4,0,1,7:36 PM,0:25,,,Sims REBOUND (Off:0 Def:2),,,5,1630579,Jericho Sims,1610612749.0,Milwaukee,Bucks,MIL,0,0,,,,,,0,0,,,,,,1
0022400799,153,6,1,1,7:36 PM,0:09,George P.FOUL (P1.T2) (S.Foster),,,,,4,1642273,Kyshawn George,1610612764.0,Washington,Wizards,WAS,5,1629645,Kevin Porter Jr.,1610612749.0,Milwaukee,Bucks,MIL,1,0,,,,,,1
0022400799,155,8,0,1,7:36 PM,0:09,SUB: Coulibaly FOR Kispert,,,,,4,1630557,Corey Kispert,1610612764.0,Washington,Wizards,WAS,4,1641731,Bilal Coulibaly,1610612764.0,Washington,Wizards,WAS,0,0,,,,,,0
0022400799,156,8,0,1,7:36 PM,0:09,,,SUB: Kuzma FOR Jackson Jr.,,,5,1641748,Andre Jackson Jr.,1610612749.0,Milwaukee,Bucks,MIL,5,1628398,Kyle Kuzma,1610612749.0,Milwaukee,Bucks,MIL,0,0,,,,,,0
0022400799,159,2,80,1,7:37 PM,0:05,,,MISS Porter Jr. 18' Step Back Jump Shot,,,5,1629645,Kevin Porter Jr.,1610612749.0,Milwaukee,Bucks,MIL,0,0,,,,,,0,0,,,,,,1
0022400799,160,4,0,1,7:37 PM,0:02,George REBOUND (Off:0 Def:2),,,,,4,1642273,Kyshawn George,1610612764.0,Washington,Wizards,WAS,0,0,,,,,,0,0,,,,,,1
0022400799,161,2,79,1,7:37 PM,0:00,MISS George 39' 3PT Pullup Jump Shot,,,,,4,1642273,Kyshawn George,1610612764.0,Washington,Wizards,WAS,0,0,,,,,,0,0,,,,,,1
0022400799,162,4,0,1,7:37 PM,0:00,WIZARDS Rebound,,,,,2,1610612764,,,,,,0,0,,,,,,0,0,,,,,,0
0022400799,163,13,0,1,7:37 PM,0:00,,End of 1st Period (7:37 PM EST),,19 - 32,13,0,0,,,,,,0,0,,,,,,0,0,,,,,,1
0022400799,170,12,0,2,7:39 PM,12:00,,Start of 2nd Period (7:39 PM EST),,19 - 32,13,0,0,,,,,,0,0,,,,,,0,0,,,,,,0
0022400799,172,2,6,2,7:40 PM,11:54,,,MISS Connaughton 7' Driving Layup,,,5,1626192,Pat Connaughton,1610612749.0,Milwaukee,Bucks,MIL,0,0,,,,,,0,0,,,,,,1
0022400799,173,4,0,2,7:40 PM,11:52,Kispert REBOUND (Off:0 Def:1),,,,,4,1630557,Corey Kispert,1610612764.0,Washington,Wizards,WAS,0,0,,,,,,0,0,,,,,,1
0022400799,175,2,41,2,7:40 PM,11:50,MISS Holmes Running Layup,,Antetokounmpo BLOCK (1 BLK),,,4,1626158,Richaun Holmes,1610612764.0,Washington,Wizards,WAS,0,0,,,,,,5,203507,Giannis Antetokounmpo,1610612749.0,Milwaukee,Bucks,MIL,1
0022400799,177,4,0,2,7:40 PM,11:50,WIZARDS Rebound,,,,,2,1610612764,,,,,,0,0,,,,,,0,0,,,,,,0
0022400799,179,2,1,2,7:40 PM,11:41,MISS Carrington 3PT Jump Shot,,,,,4,1642267,Bub Carrington,1610612764.0,Washington,Wizards,WAS,0,0,,,,,,0,0,,,,,,1
0022400799,180,4,0,2,7:40 PM,11:38,,,Kuzma REBOUND (Off:0 Def:2),,,5,1628398,Kyle Kuzma,1610612749.0,Milwaukee,Bucks,MIL,0,0,,,,,,0,0,,,,,,1
0022400799,181,6,1,2,7:41 PM,11:27,Kispert P.FOUL (P1.T1) (S.Foster),,,,,4,1630557,Corey Kispert,1610612764.0,Washington,Wizards,WAS,5,203507,Giannis Antetokounmpo,1610612749.0,Milwaukee,Bucks,MIL,1,0,,,,,,1
0022400799,184,1,63,2,7:41 PM,11:15,,,Antetokounmpo 12' Fadeaway Jumper (5 PTS) (Kuzma 1 AST),21 - 32,11,5,203507,Giannis Antetokounmpo,1610612749.0,Milwaukee,Bucks,MIL,5,1628398,Kyle Kuzma,1610612749.0,Milwaukee,Bucks,MIL,0,0,,,,,,1
0022400799,185,6,4,2,7:41 PM,11:02,Holmes OFF.Foul (P1) (M.Dagher),,,,,4,1626158,Richaun Holmes,1610612764.0,Washington,Wizards,WAS,5,1629645,Kevin Porter Jr.,1610612749.0,Milwaukee,Bucks,MIL,1,0,,,,,,1
0022400799,187,5,37,2,7:41 PM,11:02,Holmes Offensive Foul Turnover (P1.T3),,,,,4,1626158,Richaun Holmes,1610612764.0,Washington,Wizards,WAS,0,0,,,,,,1,0,,,,,,1
0022400799,188,1,7,2,7:42 PM,10:43,,,Antetokounmpo 1' Dunk (7 PTS) (Kuzma 2 AST),23 - 32,9,5,203507,Giannis Antetokounmpo,1610612749.0,Milwaukee,Bucks,MIL,5,1628398,Kyle Kuzma,1610612749.0,Milwaukee,Bucks,MIL,0,0,,,,,,1
0022400799,190,5,2,2,7:42 PM,10:28,Smart Lost Ball Turnover (P1.T4),,Connaughton STEAL (1 STL),,,4,203935,Marcus Smart,1610612764.0,Washington,Wizards,WAS,5,1626192,Pat Connaughton,1610612749.0,Milwaukee,Bucks,MIL,0,0,,,,,,1
0022400799,192,5,13,2,7:42 PM,10:13,,,Antetokounmpo Backcourt Turnover (P3.T5),,,5,203507,Giannis Antetokounmpo,1610612749.0,Milwaukee,Bucks,MIL,0,0,,,,,,1,0,,,,,,1
0022400799,193,2,1,2,7:43 PM,10:04,MISS Champagnie 25' 3PT Jump Shot,,,,,4,1630551,Justin Champagnie,1610612764.0,Washington,Wizards,WAS,0,0,,,,,,0,0,,,,,,1
0022400799,194,4,0,2,7:43 PM,10:01,,,Porter Jr. REBOUND (Off:1 Def:1),,,5,1629645,Kevin Porter Jr.,1610612749.0,Milwaukee,Bucks,MIL,0,0,,,,,,0,0,,,,,,1
0022400799,195,2,79,2,7:43 PM,9:45,,,MISS Porter Jr. 16' Pullup Jump Shot,,,5,1629645,Kevin Porter Jr.,1610612749.0,Milwaukee,Bucks,MIL,0,0,,,,,,0,0,,,,,,1
0022400799,196,4,0,2,7:43 PM,9:43,Holmes REBOUND (Off:1 Def:1),,,,,4,1626158,Richaun Holmes,1610612764.0,Washington,Wizards,WAS,0,0,,,,,,0,0,,,,,,1
0022400799,197,1,2,2,7:43 PM,9:39,Kispert 29' 3PT Running Jump Shot (9 PTS) (Carrington 1 AST),,,23 - 35,12,4,1630557,Corey Kispert,1610612764.0,Washington,Wizards,WAS,4,1642267,Bub Carrington,1610612764.0,Washington,Wizards,WAS,0,0,,,,,,1
0022400799,200,6,2,2,7:44 PM,9:20,Holmes S.FOUL (P2.T2) (S.Foster),,,,,4,1626158,Richaun Holmes,1610612764.0,Washington,Wizards,WAS,5,203507,Giannis Antetokounmpo,1610612749.0,Milwaukee,Bucks,MIL,1,0,,,,,,1
0022400799,202,9,1,2,7:44 PM,9:20,WIZARDS Timeout: Regular (Full 3 Short 0),,,,,2,1610612764,,,,,,0,0,,,,,,0,0,,,,,,0
0022400799,203,18,6,2,7:44 PM,9:20,,Instant Replay2nd Period (7:44 PM EST),,23 - 35,12,0,200,,,,,,0,0,,,,,,1,0,,,,,,1
0022400799,204,8,0,2,7:46 PM,9:20,,,SUB: Rollins FOR Sims,,,5,1630579,Jericho Sims,1610612749.0,Milwaukee,Bucks,MIL,5,1631157,Ryan Rollins,1610612749.0,Milwaukee,Bucks,MIL,0,0,,,,,,0
0022400799,205,8,0,2,7:46 PM,9:20,,,SUB: Green FOR Porter Jr.,,,5,1629645,Kevin Porter Jr.,1610612749.0,Milwaukee,Bucks,MIL,5,1631260,AJ Green,1610612749.0,Milwaukee,Bucks,MIL,0,0,,,,,,0
0022400799,206,8,0,2,7:46 PM,9:20,,,SUB: Lopez FOR Connaughton,,,5,1626192,Pat Connaughton,1610612749.0,Milwaukee,Bucks,MIL,5,201572,Brook Lopez,1610612749.0,Milwaukee,Bucks,MIL,0,0,,,,,,0
0022400799,210,3,11,2,7:47 PM,9:20,,,Antetokounmpo Free Throw 1 of 2 (8 PTS),24 - 35,11,5,203507,Giannis Antetokounmpo,1610612749.0,Milwaukee,Bucks,MIL,0,0,,,,,,0,0,,,,,,1
0022400799,211,3,12,2,7:48 PM,9:20,,,Antetokounmpo Free Throw 2 of 2 (9 PTS),25 - 35,10,5,203507,Giannis Antetokounmpo,1610612749.0,Milwaukee,Bucks,MIL,0,0,,,,,,0,0,,,,,,1
0022400799,212,1,71,2,7:48 PM,8:59,Kispert 4' Finger Roll Layup (11 PTS),,,25 - 37,12,4,1630557,Corey Kispert,1610612764.0,Washington,Wizards,WAS,0,0,,,,,,0,0,,,,,,1
0022400799,213,5,40,2,7:48 PM,8:51,,,Antetokounmpo Out of Bounds Lost Ball Turnover (P4.T6),,,5,203507,Giannis Antetokounmpo,1610612749.0,Milwaukee,Bucks,MIL,0,0,,,,,,1,0,,,,,,1
0022400799,214,1,78,2,7:49 PM,8:27,Champagnie 5' Floating Jump Shot (2 PTS) (Carrington 2 AST),,,25 - 39,14,4,1630551,Justin Champagnie,1610612764.0,Washington,Wizards,WAS,4,1642267,Bub Carrington,1610612764.0,Washington,Wizards,WAS,0,0,,,,,,1
0022400799,216,2,1,2,7:49 PM,8:11,,,MISS Kuzma 26' 3PT Jump Shot,,,5,1628398,Kyle Kuzma,1610612749.0,Milwaukee,Bucks,MIL,0,0,,,,,,0,0,,,,,,1
0022400799,217,4,0,2,7:49 PM,8:07,,,Antetokounmpo REBOUND (Off:1 Def:0),,,5,203507,Giannis Antetokounmpo,1610612749.0,Milwaukee,Bucks,MIL,0,0,,,,,,0,0,,,,,,1
0022400799,218,2,1,2,7:49 PM,8:06,,,MISS Green 26' 3PT Jump Shot,,,5,1631260,AJ Green,1610612749.0,Milwaukee,Bucks,MIL,0,0,,,,,,0,0,,,,,,1
0022400799,219,4,0,2,7:49 PM,8:03,Holmes REBOUND (Off:1 Def:2),,,,,4,1626158,Richaun Holmes,1610612764.0,Washington,Wizards,WAS,0,0,,,,,,0,0,,,,,,1
0022400799,221,6,2,2,7:49 PM,7:55,,,Green S.FOUL (P1.T1) (J.Sterling),,,5,1631260,AJ Green,1610612749.0,Milwaukee,Bucks,MIL,4,1642267,Bub Carrington,1610612764.0,Washington,Wizards,WAS,1,0,,,,,,1
0022400799,223,3,11,2,7:50 PM,7:55,Carrington Free Throw 1 of 2 (5 PTS),,,25 - 40,15,4,1642267,Bub Carrington,1610612764.0,Washington,Wizards,WAS,0,0,,,,,,0,0,,,,,,1
0022400799,226,3,12,2,7:50 PM,7:55,Carrington Free Throw 2 of 2 (6 PTS),,,25 - 41,16,4,1642267,Bub Carrington,1610612764.0,Washington,Wizards,WAS,0,0,,,,,,0,0,,,,,,1
0022400799,228,1,98,2,7:51 PM,7:38,,,Kuzma 2' Cutting Layup Shot (2 PTS) (Antetokounmpo 1 AST),27 - 41,14,5,1628398,Kyle Kuzma,1610612749.0,Milwaukee,Bucks,MIL,5,203507,Giannis Antetokounmpo,1610612749.0,Milwaukee,Bucks,MIL,0,0,,,,,,1
0022400799,230,2,1,2,7:51 PM,7:19,MISS Kispert 26' 3PT Jump Shot,,,,,4,1630557,Corey Kispert,1610612764.0,Washington,Wizards,WAS,0,0,,,,,,0,0,,,,,,1
0022400799,231,4,0,2,7:51 PM,7:13,,,Lopez REBOUND (Off:1 Def:2),,,5,201572,Brook Lopez,1610612749.0,Milwaukee,Bucks,MIL,0,0,,,,,,0,0,,,,,,1
0022400799,232,1,2,2,7:51 PM,7:09,,,Green 24' 3PT Running Jump Shot (6 PTS) (Rollins 3 AST),30 - 41,11,5,1631260,AJ Green,1610612749.0,Milwaukee,Bucks,MIL,5,1631157,Ryan Rollins,1610612749.0,Milwaukee,Bucks,MIL,0,0,,,,,,1
0022400799,234,1,1,2,7:51 PM,7:01,Champagnie 27' 3PT Jump Shot (5 PTS) (Smart 1 AST),,,30 - 44,14,4,1630551,Justin Champagnie,1610612764.0,Washington,Wizards,WAS,4,203935,Marcus Smart,1610612764.0,Washington,Wizards,WAS,0,0,,,,,,1
0022400799,236,6,2,2,7:51 PM,7:01,,,Antetokounmpo S.FOUL (P3.T2) (J.Sterling),,,5,203507,Giannis Antetokounmpo,1610612749.0,Milwaukee,Bucks,MIL,4,1630551,Justin Champagnie,1610612764.0,Washington,Wizards,WAS,1,0,,,,,,1
0022400799,238,8,0,2,7:51 PM,7:01,SUB: Poole FOR Smart,,,,,4,203935,Marcus Smart,1610612764.0,Washington,Wizards,WAS,4,1629673,Jordan Poole,1610612764.0,Washington,Wizards,WAS,0,0,,,,,,0
0022400799,240,3,10,2,7:52 PM,7:01,MISS Champagnie Free Throw 1 of 1,,,,,4,1630551,Justin Champagnie,1610612764.0,Washington,Wizards,WAS,0,0,,,,,,0,0,,,,,,1
0022400799,241,4,0,2,7:52 PM,6:58,,,Antetokounmpo REBOUND (Off:1 Def:1),,,5,203507,Giannis Antetokounmpo,1610612749.0,Milwaukee,Bucks,MIL,0,0,,,,,,0,0,,,,,,1
0022400799,242,2,79,2,7:52 PM,6:39,,,MISS Green 26' 3PT Pullup Jump Shot,,,5,1631260,AJ Green,1610612749.0,Milwaukee,Bucks,MIL,0,0,,,,,,0,0,,,,,,1
0022400799,243,4,0,2,7:52 PM,6:35,Champagnie REBOUND (Off:0 Def:1),,,,,4,1630551,Justin Champagnie,1610612764.0,Washington,Wizards,WAS,0,0,,,,,,0,0,,,,,,1
0022400799,245,5,1,2,7:52 PM,6:33,Champagnie Bad Pass Turnover (P1.T5),,Kuzma STEAL (1 STL),,,4,1630551,Justin Champagnie,1610612764.0,Washington,Wizards,WAS,5,1628398,Kyle Kuzma,1610612749.0,Milwaukee,Bucks,MIL,0,0,,,,,,1
0022400799,247,6,1,2,7:52 PM,6:32,Poole P.FOUL (P1.T3) (M.Dagher),,,,,4,1629673,Jordan Poole,1610612764.0,Washington,Wizards,WAS,5,1628398,Kyle Kuzma,1610612749.0,Milwaukee,Bucks,MIL,1,0,,,,,,1
0022400799,249,8,0,2,7:53 PM,6:32,,,SUB: Trent Jr. FOR Antetokounmpo,,,5,203507,Giannis Antetokounmpo,1610612749.0,Milwaukee,Bucks,MIL,5,1629018,Gary Trent Jr.,1610612749.0,Milwaukee,Bucks,MIL,0,0,,,,,,0
0022400799,251,9,1,2,7:53 PM,6:32,,,Bucks Timeout: Regular (Reg.1 Short 0),,,3,1610612749,,,,,,0,0,,,,,,0,0,,,,,,0
0022400799,252,8,0,2,7:53 PM,6:32,SUB: Sarr FOR Carrington,,,,,4,1642267,Bub Carrington,1610612764.0,Washington,Wizards,WAS,4,1642259,Alex Sarr,1610612764.0,Washington,Wizards,WAS,0,0,,,,,,0
0022400799,253,8,0,2,7:53 PM,6:32,SUB: George FOR Champagnie,,,,,4,1630551,Justin Champagnie,1610612764.0,Washington,Wizards,WAS,4,1642273,Kyshawn George,1610612764.0,Washington,Wizards,WAS,0,0,,,,,,0
0022400799,254,8,0,2,7:53 PM,6:32,SUB: Coulibaly FOR Holmes,,,,,4,1626158,Richaun Holmes,1610612764.0,Washington,Wizards,WAS,4,1641731,Bilal Coulibaly,1610612764.0,Washington,Wizards,WAS,0,0,,,,,,0
0022400799,255,8,0,2,7:53 PM,6:32,SUB: Middleton FOR Kispert,,,,,4,1630557,Corey Kispert,1610612764.0,Washington,Wizards,WAS,4,203114,Khris Middleton,1610612764.0,Washington,Wizards,WAS,0,0,,,,,,0
0022400799,260,1,1,2,7:56 PM,6:27,,,Kuzma 28' 3PT Jump Shot (5 PTS) (Lopez 2 AST),33 - 44,11,5,1628398,Kyle Kuzma,1610612749.0,Milwaukee,Bucks,MIL,5,201572,Brook Lopez,1610612749.0,Milwaukee,Bucks,MIL,0,0,,,,,,1
0022400799,262,2,57,2,7:56 PM,6:00,MISS Sarr 5' Driving Hook Shot,,,,,4,1642259,Alex Sarr,1610612764.0,Washington,Wizards,WAS,0,0,,,,,,0,0,,,,,,1
0022400799,263,4,0,2,7:56 PM,5:58,,,Rollins REBOUND (Off:0 Def:1),,,5,1631157,Ryan Rollins,1610612749.0,Milwaukee,Bucks,MIL,0,0,,,,,,0,0,,,,,,1
0022400799,264,1,78,2,7:56 PM,5:48,,,Lopez 9' Floating Jump Shot (7 PTS) (Trent Jr. 1 AST),35 - 44,9,5,201572,Brook Lopez,1610612749.0,Milwaukee,Bucks,MIL,5,1629018,Gary Trent Jr.,1610612749.0,Milwaukee,Bucks,MIL,0,0,,,,,,1
0022400799,266,1,1,2,7:56 PM,5:38,Sarr 26' 3PT Jump Shot (12 PTS) (George 3 AST),,,35 - 47,12,4,1642259,Alex Sarr,1610612764.0,Washington,Wizards,WAS,4,1642273,Kyshawn George,1610612764.0,Washington,Wizards,WAS,0,0,,,,,,1
0022400799,268,2,75,2,7:57 PM,5:24,,,MISS Kuzma 6' Driving Finger Roll Layup,,,5,1628398,Kyle Kuzma,1610612749.0,Milwaukee,Bucks,MIL,0,0,,,,,,0,0,,,,,,1
0022400799,269,4,0,2,7:57 PM,5:20,George REBOUND (Off:0 Def:3),,,,,4,1642273,Kyshawn George,1610612764.0,Washington,Wizards,WAS,0,0,,,,,,0,0,,,,,,1
0022400799,270,6,2,2,7:57 PM,5:18,,,Green S.FOUL (P2.T3) (M.Dagher),,,5,1631260,AJ Green,1610612749.0,Milwaukee,Bucks,MIL,4,1629673,Jordan Poole,1610612764.0,Washington,Wizards,WAS,1,0,,,,,,1
0022400799,272,3,11,2,7:57 PM,5:18,Poole Free Throw 1 of 2 (3 PTS),,,35 - 48,13,4,1629673,Jordan Poole,1610612764.0,Washington,Wizards,WAS,0,0,,,,,,0,0,,,,,,1
0022400799,273,3,12,2,7:57 PM,5:18,Poole Free Throw 2 of 2 (4 PTS),,,35 - 49,14,4,1629673,Jordan Poole,1610612764.0,Washington,Wizards,WAS,0,0,,,,,,0,0,,,,,,1
0022400799,274,6,2,2,7:58 PM,4:58,Sarr S.FOUL (P1.T4) (M.Dagher),,,,,4,1642259,Alex Sarr,1610612764.0,Washington,Wizards,WAS,5,201572,Brook Lopez,1610612749.0,Milwaukee,Bucks,MIL,1,0,,,,,,1
0022400799,276,3,11,2,7:58 PM,4:58,,,MISS Lopez Free Throw 1 of 2,,,5,201572,Brook Lopez,1610612749.0,Milwaukee,Bucks,MIL,0,0,,,,,,0,0,,,,,,1
0022400799,277,4,1,2,7:58 PM,4:58,,,Bucks Rebound,,,3,1610612749,,,,,,0,0,,,,,,0,0,,,,,,0
0022400799,278,3,12,2,7:58 PM,4:58,,,MISS Lopez Free Throw 2 of 2,,,5,201572,Brook Lopez,1610612749.0,Milwaukee,Bucks,MIL,0,0,,,,,,0,0,,,,,,0
0022400799,279,4,0,2,7:59 PM,4:55,Sarr REBOUND (Off:0 Def:4),,,,,4,1642259,Alex Sarr,1610612764.0,Washington,Wizards,WAS,0,0,,,,,,0,0,,,,,,0
0022400799,280,2,101,2,7:59 PM,4:43,MISS Sarr 8' Driving Floating Jump Shot,,,,,4,1642259,Alex Sarr,1610612764.0,Washington,Wizards,WAS,0,0,,,,,,0,0,,,,,,1
0022400799,281,4,0,2,7:59 PM,4:41,,,Kuzma REBOUND (Off:0 Def:3),,,5,1628398,Kyle Kuzma,1610612749.0,Milwaukee,Bucks,MIL,0,0,,,,,,0,0,,,,,,1
0022400799,282,2,1,2,7:59 PM,4:27,,,MISS Trent Jr. 24' 3PT Jump Shot,,,5,1629018,Gary Trent Jr.,1610612749.0,Milwaukee,Bucks,MIL,0,0,,,,,,0,0,,,,,,1
0022400799,283,4,0,2,7:59 PM,4:25,Middleton REBOUND (Off:0 Def:1),,,,,4,203114,Khris Middleton,1610612764.0,Washington,Wizards,WAS,0,0,,,,,,0,0,,,,,,1
0022400799,284,2,1,2,7:59 PM,4:15,MISS Middleton 26' 3PT Jump Shot,,,,,4,203114,Khris Middleton,1610612764.0,Washington,Wizards,WAS,0,0,,,,,,0,0,,,,,,1
0022400799,285,4,0,2,8:00 PM,4:12,Poole REBOUND (Off:1 Def:1),,,,,4,1629673,Jordan Poole,1610612764.0,Washington,Wizards,WAS,0,0,,,,,,0,0,,,,,,1
0022400799,286,2,1,2,8:00 PM,4:06,MISS Coulibaly 26' 3PT Jump Shot,,,,,4,1641731,Bilal Coulibaly,1610612764.0,Washington,Wizards,WAS,0,0,,,,,,0,0,,,,,,1
0022400799,287,4,0,2,8:00 PM,4:04,,,Lopez REBOUND (Off:1 Def:3),,,5,201572,Brook Lopez,1610612749.0,Milwaukee,Bucks,MIL,0,0,,,,,,0,0,,,,,,1
0022400799,289,1,73,2,8:00 PM,3:53,,,Rollins 5' Driving Reverse Layup (2 PTS) (Kuzma 3 AST),37 - 49,12,5,1631157,Ryan Rollins,1610612749.0,Milwaukee,Bucks,MIL,5,1628398,Kyle Kuzma,1610612749.0,Milwaukee,Bucks,MIL,0,0,,,,,,1
0022400799,291,2,80,2,8:00 PM,3:48,MISS Poole 27' 3PT Step Back Jump Shot,,,,,4,1629673,Jordan Poole,1610612764.0,Washington,Wizards,WAS,0,0,,,,,,0,0,,,,,,1
0022400799,292,4,0,2,8:00 PM,3:45,,,Rollins REBOUND (Off:0 Def:2),,,5,1631157,Ryan Rollins,1610612749.0,Milwaukee,Bucks,MIL,0,0,,,,,,0,0,,,,,,1
0022400799,293,1,6,2,8:00 PM,3:38,,,Kuzma 1' Driving Layup (7 PTS),39 - 49,10,5,1628398,Kyle Kuzma,1610612749.0,Milwaukee,Bucks,MIL,0,0,,,,,,0,0,,,,,,1
0022400799,294,6,2,2,8:01 PM,3:23,,,Lopez S.FOUL (P1.T4) (S.Foster),,,5,201572,Brook Lopez,1610612749.0,Milwaukee,Bucks,MIL,4,203114,Khris Middleton,1610612764.0,Washington,Wizards,WAS,1,0,,,,,,1
0022400799,296,3,11,2,8:01 PM,3:23,Middleton Free Throw 1 of 2 (6 PTS),,,39 - 50,11,4,203114,Khris Middleton,1610612764.0,Washington,Wizards,WAS,0,0,,,,,,0,0,,,,,,1
0022400799,297,8,0,2,8:01 PM,3:23,SUB: Smart FOR Poole,,,,,4,1629673,Jordan Poole,1610612764.0,Washington,Wizards,WAS,4,203935,Marcus Smart,1610612764.0,Washington,Wizards,WAS,0,0,,,,,,0
0022400799,299,3,12,2,8:01 PM,3:23,Middleton Free Throw 2 of 2 (7 PTS),,,39 - 51,12,4,203114,Khris Middleton,1610612764.0,Washington,Wizards,WAS,0,0,,,,,,0,0,,,,,,1
0022400799,300,1,57,2,8:02 PM,3:02,,,Kuzma 4' Driving Hook Shot (9 PTS) (Rollins 4 AST),41 - 51,10,5,1628398,Kyle Kuzma,1610612749.0,Milwaukee,Bucks,MIL,5,1631157,Ryan Rollins,1610612749.0,Milwaukee,Bucks,MIL,0,0,,,,,,1
0022400799,302,1,98,2,8:02 PM,2:48,Middleton 3' Cutting Layup Shot (9 PTS) (George 4 AST),,,41 - 53,12,4,203114,Khris Middleton,1610612764.0,Washington,Wizards,WAS,4,1642273,Kyshawn George,1610612764.0,Washington,Wizards,WAS,0,0,,,,,,1
0022400799,304,6,2,2,8:02 PM,2:32,Sarr S.FOUL (P2.PN) (S.Foster),,,,,4,1642259,Alex Sarr,1610612764.0,Washington,Wizards,WAS,5,201572,Brook Lopez,1610612749.0,Milwaukee,Bucks,MIL,1,0,,,,,,1
0022400799,306,3,11,2,8:03 PM,2:32,,,Lopez Free Throw 1 of 2 (8 PTS),42 - 53,11,5,201572,Brook Lopez,1610612749.0,Milwaukee,Bucks,MIL,0,0,,,,,,0,0,,,,,,1
0022400799,307,8,0,2,8:03 PM,2:32,SUB: Poole FOR Smart,,,,,4,203935,Marcus Smart,1610612764.0,Washington,Wizards,WAS,4,1629673,Jordan Poole,1610612764.0,Washington,Wizards,WAS,0,0,,,,,,0
0022400799,309,3,12,2,8:03 PM,2:32,,,Lopez Free Throw 2 of 2 (9 PTS),43 - 53,10,5,201572,Brook Lopez,1610612749.0,Milwaukee,Bucks,MIL,0,0,,,,,,0,0,,,,,,1
0022400799,310,2,1,2,8:03 PM,2:18,MISS Sarr 28' 3PT Jump Shot,,,,,4,1642259,Alex Sarr,1610612764.0,Washington,Wizards,WAS,0,0,,,,,,0,0,,,,,,1
0022400799,311,4,0,2,8:03 PM,2:16,,,Lopez REBOUND (Off:1 Def:4),,,5,201572,Brook Lopez,1610612749.0,Milwaukee,Bucks,MIL,0,0,,,,,,0,0,,,,,,1
0022400799,312,1,1,2,8:04 PM,2:07,,,Lopez 27' 3PT Jump Shot (12 PTS) (Green 2 AST),46 - 53,7,5,201572,Brook Lopez,1610612749.0,Milwaukee,Bucks,MIL,5,1631260,AJ Green,1610612749.0,Milwaukee,Bucks,MIL,0,0,,,,,,1
0022400799,314,2,6,2,8:04 PM,1:55,MISS George 2' Driving Layup,,,,,4,1642273,Kyshawn George,1610612764.0,Washington,Wizards,WAS,0,0,,,,,,0,0,,,,,,1
0022400799,315,4,0,2,8:04 PM,1:52,,,Kuzma REBOUND (Off:0 Def:4),,,5,1628398,Kyle Kuzma,1610612749.0,Milwaukee,Bucks,MIL,0,0,,,,,,0,0,,,,,,1
0022400799,320,2,2,2,8:04 PM,1:43,,,MISS Trent Jr. 3PT Running Jump Shot,,,5,1629018,Gary Trent Jr.,1610612749.0,Milwaukee,Bucks,MIL,0,0,,,,,,0,0,,,,,,1
0022400799,321,4,0,2,8:04 PM,1:43,Middleton REBOUND (Off:0 Def:2),,,,,4,203114,Khris Middleton,1610612764.0,Washington,Wizards,WAS,0,0,,,,,,0,0,,,,,,1
0022400799,322,2,2,2,8:04 PM,1:40,MISS George 24' 3PT Running Jump Shot,,,,,4,1642273,Kyshawn George,1610612764.0,Washington,Wizards,WAS,0,0,,,,,,0,0,,,,,,1
0022400799,323,4,0,2,8:04 PM,1:39,WIZARDS Rebound,,,,,2,1610612764,,,,,,0,0,,,,,,0,0,,,,,,1
0022400799,325,6,3,2,8:04 PM,1:39,,,Kuzma L.B.FOUL (P3.PN) (S.Foster),,,5,1628398,Kyle Kuzma,1610612749.0,Milwaukee,Bucks,MIL,4,1642259,Alex Sarr,1610612764.0,Washington,Wizards,WAS,1,0,,,,,,1
0022400799,328,3,11,2,8:05 PM,1:39,MISS Sarr Free Throw 1 of 2,,,,,4,1642259,Alex Sarr,1610612764.0,Washington,Wizards,WAS,0,0,,,,,,0,0,,,,,,1
0022400799,329,4,1,2,8:05 PM,1:39,WIZARDS Rebound,,,,,2,1610612764,,,,,,0,0,,,,,,0,0,,,,,,1
0022400799,332,3,12,2,8:05 PM,1:39,Sarr Free Throw 2 of 2 (13 PTS),,,46 - 54,8,4,1642259,Alex Sarr,1610612764.0,Washington,Wizards,WAS,0,0,,,,,,0,0,,,,,,1
0022400799,330,8,0,2,8:05 PM,1:39,,,SUB: Connaughton FOR Kuzma,,,5,1628398,Kyle Kuzma,1610612749.0,Milwaukee,Bucks,MIL,5,1626192,Pat Connaughton,1610612749.0,Milwaukee,Bucks,MIL,0,0,,,,,,0
0022400799,334,7,5,2,8:05 PM,1:29,Middleton Violation:Kicked Ball (M.Dagher),,,,,4,203114,Khris Middleton,1610612764.0,Washington,Wizards,WAS,0,0,,,,,,1,0,,,,,,0
0022400799,336,2,1,2,8:06 PM,1:21,,,MISS Green 25' 3PT Jump Shot,,,5,1631260,AJ Green,1610612749.0,Milwaukee,Bucks,MIL,0,0,,,,,,0,0,,,,,,1
0022400799,337,4,0,2,8:06 PM,1:19,Sarr REBOUND (Off:0 Def:5),,,,,4,1642259,Alex Sarr,1610612764.0,Washington,Wizards,WAS,0,0,,,,,,0,0,,,,,,1
0022400799,338,2,1,2,8:07 PM,1:09,MISS Poole 26' 3PT Jump Shot,,,,,4,1629673,Jordan Poole,1610612764.0,Washington,Wizards,WAS,0,0,,,,,,0,0,,,,,,1
0022400799,339,4,0,2,8:07 PM,1:07,,,Lopez REBOUND (Off:1 Def:5),,,5,201572,Brook Lopez,1610612749.0,Milwaukee,Bucks,MIL,0,0,,,,,,0,0,,,,,,1
0022400799,340,1,41,2,8:07 PM,1:01,,,Rollins 2' Running Layup (4 PTS) (Connaughton 1 AST),48 - 54,6,5,1631157,Ryan Rollins,1610612749.0,Milwaukee,Bucks,MIL,5,1626192,Pat Connaughton,1610612749.0,Milwaukee,Bucks,MIL,0,0,,,,,,1
0022400799,342,1,79,2,8:07 PM,0:46,Sarr 15' Pullup Jump Shot (15 PTS) (Poole 2 AST),,,48 - 56,8,4,1642259,Alex Sarr,1610612764.0,Washington,Wizards,WAS,4,1629673,Jordan Poole,1610612764.0,Washington,Wizards,WAS,0,0,,,,,,1
0022400799,344,1,6,2,8:07 PM,0:32,,,Connaughton 5' Driving Layup (4 PTS),50 - 56,6,5,1626192,Pat Connaughton,1610612749.0,Milwaukee,Bucks,MIL,0,0,,,,,,0,0,,,,,,1
0022400799,345,2,80,2,8:08 PM,0:17,MISS Middleton 21' Step Back Jump Shot,,,,,4,203114,Khris Middleton,1610612764.0,Washington,Wizards,WAS,0,0,,,,,,0,0,,,,,,1
0022400799,346,4,0,2,8:08 PM,0:15,,,Rollins REBOUND (Off:0 Def:3),,,5,1631157,Ryan Rollins,1610612749.0,Milwaukee,Bucks,MIL,0,0,,,,,,0,0,,,,,,1
0022400799,347,2,79,2,8:08 PM,0:03,,,MISS Green 29' 3PT Pullup Jump Shot,,,5,1631260,AJ Green,1610612749.0,Milwaukee,Bucks,MIL,0,0,,,,,,0,0,,,,,,1
0022400799,348,4,0,2,8:08 PM,0:00,Middleton REBOUND (Off:0 Def:3),,,,,4,203114,Khris Middleton,1610612764.0,Washington,Wizards,WAS,0,0,,,,,,0,0,,,,,,1
0022400799,349,2,79,2,8:08 PM,0:00,MISS Middleton 78' 3PT Pullup Jump Shot,,,,,4,203114,Khris Middleton,1610612764.0,Washington,Wizards,WAS,0,0,,,,,,0,0,,,,,,1
0022400799,350,4,0,2,8:08 PM,0:00,WIZARDS Rebound,,,,,2,1610612764,,,,,,0,0,,,,,,0,0,,,,,,1
0022400799,351,13,0,2,8:08 PM,0:00,,End of 2nd Period (8:08 PM EST),,50 - 56,6,0,0,,,,,,0,0,,,,,,0,0,,,,,,1
0022400799,358,12,0,3,8:23 PM,12:00,,Start of 3rd Period (8:23 PM EST),,50 - 56,6,0,0,,,,,,0,0,,,,,,0,0,,,,,,0
0022400799,359,1,6,3,8:24 PM,11:46,,,Antetokounmpo 3' Driving Layup (11 PTS),52 - 56,4,5,203507,Giannis Antetokounmpo,1610612749.0,Milwaukee,Bucks,MIL,0,0,,,,,,0,0,,,,,,1
0022400799,360,6,2,3,8:24 PM,11:46,George S.FOUL (P2.T1) (S.Foster),,,,,4,1642273,Kyshawn George,1610612764.0,Washington,Wizards,WAS,5,203507,Giannis Antetokounmpo,1610612749.0,Milwaukee,Bucks,MIL,1,0,,,,,,0
0022400799,362,3,10,3,8:24 PM,11:46,,,MISS Antetokounmpo Free Throw 1 of 1,,,5,203507,Giannis Antetokounmpo,1610612749.0,Milwaukee,Bucks,MIL,0,0,,,,,,0,0,,,,,,1
0022400799,363,4,0,3,8:24 PM,11:43,,,Lopez REBOUND (Off:2 Def:5),,,5,201572,Brook Lopez,1610612749.0,Milwaukee,Bucks,MIL,0,0,,,,,,0,0,,,,,,1
0022400799,364,1,97,3,8:24 PM,11:42,,,Lopez 1' Tip Layup Shot (14 PTS),54 - 56,2,5,201572,Brook Lopez,1610612749.0,Milwaukee,Bucks,MIL,0,0,,,,,,0,0,,,,,,1
0022400799,365,2,1,3,8:24 PM,11:26,MISS George 15' Jump Shot,,,,,4,1642273,Kyshawn George,1610612764.0,Washington,Wizards,WAS,0,0,,,,,,0,0,,,,,,1
0022400799,366,4,0,3,8:24 PM,11:24,,,Antetokounmpo REBOUND (Off:1 Def:2),,,5,203507,Giannis Antetokounmpo,1610612749.0,Milwaukee,Bucks,MIL,0,0,,,,,,0,0,,,,,,1
0022400799,367,6,2,3,8:25 PM,11:18,Middleton S.FOUL (P1.T2) (J.Sterling),,,,,4,203114,Khris Middleton,1610612764.0,Washington,Wizards,WAS,5,203507,Giannis Antetokounmpo,1610612749.0,Milwaukee,Bucks,MIL,1,0,,,,,,1
0022400799,369,3,11,3,8:25 PM,11:18,,,MISS Antetokounmpo Free Throw 1 of 2,,,5,203507,Giannis Antetokounmpo,1610612749.0,Milwaukee,Bucks,MIL,0,0,,,,,,0,0,,,,,,1
0022400799,370,4,1,3,8:25 PM,11:18,,,Bucks Rebound,,,3,1610612749,,,,,,0,0,,,,,,0,0,,,,,,1
0022400799,371,3,12,3,8:26 PM,11:18,,,Antetokounmpo Free Throw 2 of 2 (12 PTS),55 - 56,1,5,203507,Giannis Antetokounmpo,1610612749.0,Milwaukee,Bucks,MIL,0,0,,,,,,0,0,,,,,,1
0022400799,372,1,101,3,8:26 PM,11:03,Poole 19' Driving Floating Jump Shot (6 PTS) (George 5 AST),,,55 - 58,3,4,1629673,Jordan Poole,1610612764.0,Washington,Wizards,WAS,4,1642273,Kyshawn George,1610612764.0,Washington,Wizards,WAS,0,0,,,,,,1
0022400799,375,5,11,3,8:27 PM,10:37,,,Bucks Turnover: Shot Clock (T#7),,,3,1610612749,,,,,,0,0,,,,,,1,0,,,,,,1
0022400799,376,6,2,3,8:27 PM,10:26,,,Green S.FOUL (P3.T1) (J.Sterling),,,5,1631260,AJ Green,1610612749.0,Milwaukee,Bucks,MIL,4,1629673,Jordan Poole,1610612764.0,Washington,Wizards,WAS,1,0,,,,,,1
0022400799,378,3,11,3,8:28 PM,10:26,Poole Free Throw 1 of 2 (7 PTS),,,55 - 59,4,4,1629673,Jordan Poole,1610612764.0,Washington,Wizards,WAS,0,0,,,,,,0,0,,,,,,1
0022400799,379,3,12,3,8:28 PM,10:26,Poole Free Throw 2 of 2 (8 PTS),,,55 - 60,5,4,1629673,Jordan Poole,1610612764.0,Washington,Wizards,WAS,0,0,,,,,,0,0,,,,,,1
0022400799,380,1,101,3,8:28 PM,10:11,,,Rollins 6' Driving Floating Jump Shot (6 PTS) (Kuzma 4 AST),57 - 60,3,5,1631157,Ryan Rollins,1610612749.0,Milwaukee,Bucks,MIL,5,1628398,Kyle Kuzma,1610612749.0,Milwaukee,Bucks,MIL,0,0,,,,,,1
0022400799,382,2,1,3,8:28 PM,9:56,MISS Coulibaly 25' 3PT Jump Shot,,,,,4,1641731,Bilal Coulibaly,1610612764.0,Washington,Wizards,WAS,0,0,,,,,,0,0,,,,,,1
0022400799,383,4,0,3,8:29 PM,9:51,,,Antetokounmpo REBOUND (Off:1 Def:3),,,5,203507,Giannis Antetokounmpo,1610612749.0,Milwaukee,Bucks,MIL,0,0,,,,,,0,0,,,,,,1
0022400799,384,5,45,3,8:29 PM,9:48,,,Antetokounmpo Out of Bounds - Bad Pass Turnover Turnover (P5.T8),,,5,203507,Giannis Antetokounmpo,1610612749.0,Milwaukee,Bucks,MIL,0,0,,,,,,1,0,,,,,,1
0022400799,385,2,1,3,8:29 PM,9:41,MISS Sarr 25' 3PT Jump Shot,,,,,4,1642259,Alex Sarr,1610612764.0,Washington,Wizards,WAS,0,0,,,,,,0,0,,,,,,1
0022400799,386,4,0,3,8:29 PM,9:39,,,Kuzma REBOUND (Off:0 Def:5),,,5,1628398,Kyle Kuzma,1610612749.0,Milwaukee,Bucks,MIL,0,0,,,,,,0,0,,,,,,1
0022400799,387,1,41,3,8:29 PM,9:34,,,Kuzma 1' Running Layup (11 PTS),59 - 60,1,5,1628398,Kyle Kuzma,1610612749.0,Milwaukee,Bucks,MIL,0,0,,,,,,0,0,,,,,,1
0022400799,388,2,86,3,8:29 PM,9:21,MISS Middleton 18' Turnaround Fadeaway Shot,,,,,4,203114,Khris Middleton,1610612764.0,Washington,Wizards,WAS,0,0,,,,,,0,0,,,,,,1
0022400799,389,4,0,3,8:29 PM,9:19,,,Lopez REBOUND (Off:2 Def:6),,,5,201572,Brook Lopez,1610612749.0,Milwaukee,Bucks,MIL,0,0,,,,,,0,0,,,,,,1
0022400799,390,1,76,3,8:29 PM,9:15,,,Antetokounmpo 2' Running Finger Roll Layup (14 PTS),61 - 60,-1,5,203507,Giannis Antetokounmpo,1610612749.0,Milwaukee,Bucks,MIL,0,0,,,,,,0,0,,,,,,1
0022400799,392,2,43,3,8:30 PM,8:58,MISS George 3' Alley Oop Layup,,,,,4,1642273,Kyshawn George,1610612764.0,Washington,Wizards,WAS,0,0,,,,,,0,0,,,,,,1
0022400799,393,4,0,3,8:30 PM,8:57,,,Kuzma REBOUND (Off:0 Def:6),,,5,1628398,Kyle Kuzma,1610612749.0,Milwaukee,Bucks,MIL,0,0,,,,,,0,0,,,,,,1
0022400799,394,6,2,3,8:30 PM,8:53,Sarr S.FOUL (P3.T3) (M.Dagher),,,,,4,1642259,Alex Sarr,1610612764.0,Washington,Wizards,WAS,5,203507,Giannis Antetokounmpo,1610612749.0,Milwaukee,Bucks,MIL,1,0,,,,,,1
0022400799,396,3,11,3,8:30 PM,8:53,,,Antetokounmpo Free Throw 1 of 2 (15 PTS),62 - 60,-2,5,203507,Giannis Antetokounmpo,1610612749.0,Milwaukee,Bucks,MIL,0,0,,,,,,0,0,,,,,,1
0022400799,397,3,12,3,8:30 PM,8:53,,,MISS Antetokounmpo Free Throw 2 of 2,,,5,203507,Giannis Antetokounmpo,1610612749.0,Milwaukee,Bucks,MIL,0,0,,,,,,0,0,,,,,,1
0022400799,398,4,0,3,8:30 PM,8:50,,,Kuzma REBOUND (Off:1 Def:6),,,5,1628398,Kyle Kuzma,1610612749.0,Milwaukee,Bucks,MIL,0,0,,,,,,0,0,,,,,,1
0022400799,399,2,1,3,8:31 PM,8:48,,,MISS Kuzma 26' 3PT Jump Shot,,,5,1628398,Kyle Kuzma,1610612749.0,Milwaukee,Bucks,MIL,0,0,,,,,,0,0,,,,,,1
0022400799,400,4,0,3,8:31 PM,8:48,WIZARDS Rebound,,,,,2,1610612764,,,,,,0,0,,,,,,0,0,,,,,,1
0022400799,402,6,1,3,8:31 PM,8:39,,,Rollins P.FOUL (P3.T2) (S.Foster),,,5,1631157,Ryan Rollins,1610612749.0,Milwaukee,Bucks,MIL,4,1629673,Jordan Poole,1610612764.0,Washington,Wizards,WAS,1,0,,,,,,1
0022400799,404,1,101,3,8:32 PM,8:25,Coulibaly 8' Driving Floating Jump Shot (2 PTS),,,62 - 62,TIE,4,1641731,Bilal Coulibaly,1610612764.0,Washington,Wizards,WAS,0,0,,,,,,0,0,,,,,,1
0022400799,405,6,26,3,8:32 PM,8:11,,,Antetokounmpo Offensive Charge Foul (P4) (S.Foster),,,5,203507,Giannis Antetokounmpo,1610612749.0,Milwaukee,Bucks,MIL,4,1641731,Bilal Coulibaly,1610612764.0,Washington,Wizards,WAS,1,0,,,,,,1
0022400799,407,5,37,3,8:32 PM,8:11,,,Antetokounmpo Offensive Foul Turnover (P6.T9),,,5,203507,Giannis Antetokounmpo,1610612749.0,Milwaukee,Bucks,MIL,0,0,,,,,,1,0,,,,,,1
0022400799,408,9,1,3,8:33 PM,8:11,,,Bucks Timeout: Regular (Reg.2 Short 0),,,3,1610612749,,,,,,0,0,,,,,,0,0,,,,,,0
0022400799,410,18,6,3,8:33 PM,8:11,,Instant Replay3rd Period (8:33 PM EST),,62 - 62,TIE,0,405,,,,,,0,0,,,,,,1,0,,,,,,1
0022400799,411,2,1,3,8:36 PM,7:57,MISS Sarr 30' 3PT Jump Shot,,,,,4,1642259,Alex Sarr,1610612764.0,Washington,Wizards,WAS,0,0,,,,,,0,0,,,,,,1
0022400799,412,4,0,3,8:36 PM,7:56,,,Bucks Rebound,,,3,1610612749,,,,,,0,0,,,,,,0,0,,,,,,0
0022400799,414,1,93,3,8:36 PM,7:42,,,Kuzma 11' Driving Bank Hook Shot (13 PTS) (Antetokounmpo 2 AST),64 - 62,-2,5,1628398,Kyle Kuzma,1610612749.0,Milwaukee,Bucks,MIL,5,203507,Giannis Antetokounmpo,1610612749.0,Milwaukee,Bucks,MIL,0,0,,,,,,1
0022400799,416,2,98,3,8:36 PM,7:28,MISS Sarr 5' Cutting Layup Shot,,,,,4,1642259,Alex Sarr,1610612764.0,Washington,Wizards,WAS,0,0,,,,,,0,0,,,,,,1
0022400799,417,4,0,3,8:36 PM,7:25,Sarr REBOUND (Off:1 Def:5),,,,,4,1642259,Alex Sarr,1610612764.0,Washington,Wizards,WAS,0,0,,,,,,0,0,,,,,,1
0022400799,418,5,2,3,8:36 PM,7:24,Sarr Lost Ball Turnover (P2.T6),,Rollins STEAL (1 STL),,,4,1642259,Alex Sarr,1610612764.0,Washington,Wizards,WAS,5,1631157,Ryan Rollins,1610612749.0,Milwaukee,Bucks,MIL,0,0,,,,,,1
0022400799,420,1,1,3,8:36 PM,7:18,,,Kuzma 24' 3PT Jump Shot (16 PTS) (Green 3 AST),67 - 62,-5,5,1628398,Kyle Kuzma,1610612749.0,Milwaukee,Bucks,MIL,5,1631260,AJ Green,1610612749.0,Milwaukee,Bucks,MIL,0,0,,,,,,1
0022400799,422,2,101,3,8:37 PM,7:05,MISS Poole 11' Driving Floating Jump Shot,,,,,4,1629673,Jordan Poole,1610612764.0,Washington,Wizards,WAS,0,0,,,,,,0,0,,,,,,1
0022400799,423,4,0,3,8:37 PM,7:01,George REBOUND (Off:1 Def:3),,,,,4,1642273,Kyshawn George,1610612764.0,Washington,Wizards,WAS,0,0,,,,,,0,0,,,,,,1
0022400799,424,2,1,3,8:37 PM,6:58,MISS Sarr 3PT Jump Shot,,,,,4,1642259,Alex Sarr,1610612764.0,Washington,Wizards,WAS,0,0,,,,,,0,0,,,,,,1
0022400799,425,4,0,3,8:37 PM,6:53,,,Rollins REBOUND (Off:0 Def:4),,,5,1631157,Ryan Rollins,1610612749.0,Milwaukee,Bucks,MIL,0,0,,,,,,0,0,,,,,,1
0022400799,426,1,73,3,8:37 PM,6:46,,,Antetokounmpo 3' Driving Reverse Layup (17 PTS),69 - 62,-7,5,203507,Giannis Antetokounmpo,1610612749.0,Milwaukee,Bucks,MIL,0,0,,,,,,0,0,,,,,,1
0022400799,427,9,1,3,8:37 PM,6:44,WIZARDS Timeout: Regular (Full 4 Short 0),,,,,2,1610612764,,,,,,0,0,,,,,,0,0,,,,,,0
0022400799,428,8,0,3,8:37 PM,6:44,SUB: Holmes FOR George,,,,,4,1642273,Kyshawn George,1610612764.0,Washington,Wizards,WAS,4,1626158,Richaun Holmes,1610612764.0,Washington,Wizards,WAS,0,0,,,,,,0
0022400799,429,8,0,3,8:37 PM,6:44,SUB: Kispert FOR Sarr,,,,,4,1642259,Alex Sarr,1610612764.0,Washington,Wizards,WAS,4,1630557,Corey Kispert,1610612764.0,Washington,Wizards,WAS,0,0,,,,,,0
0022400799,430,8,0,3,8:37 PM,6:44,SUB: Carrington FOR Middleton,,,,,4,203114,Khris Middleton,1610612764.0,Washington,Wizards,WAS,4,1642267,Bub Carrington,1610612764.0,Washington,Wizards,WAS,0,0,,,,,,0
0022400799,434,1,1,3,8:40 PM,6:32,Kispert 28' 3PT Jump Shot (14 PTS) (Poole 3 AST),,,69 - 65,-4,4,1630557,Corey Kispert,1610612764.0,Washington,Wizards,WAS,4,1629673,Jordan Poole,1610612764.0,Washington,Wizards,WAS,0,0,,,,,,1
0022400799,436,6,1,3,8:41 PM,6:13,Coulibaly P.FOUL (P2.T4) (M.Dagher),,,,,4,1641731,Bilal Coulibaly,1610612764.0,Washington,Wizards,WAS,5,203507,Giannis Antetokounmpo,1610612749.0,Milwaukee,Bucks,MIL,1,0,,,,,,1
0022400799,438,8,0,3,8:41 PM,6:13,,,SUB: Trent Jr. FOR Kuzma,,,5,1628398,Kyle Kuzma,1610612749.0,Milwaukee,Bucks,MIL,5,1629018,Gary Trent Jr.,1610612749.0,Milwaukee,Bucks,MIL,0,0,,,,,,0
0022400799,440,1,1,3,8:41 PM,5:58,,,Rollins 24' 3PT Jump Shot (9 PTS) (Antetokounmpo 3 AST),72 - 65,-7,5,1631157,Ryan Rollins,1610612749.0,Milwaukee,Bucks,MIL,5,203507,Giannis Antetokounmpo,1610612749.0,Milwaukee,Bucks,MIL,0,0,,,,,,1
0022400799,442,6,2,3,8:42 PM,5:41,,,Antetokounmpo S.FOUL (P5.T3) (S.Foster),,,5,203507,Giannis Antetokounmpo,1610612749.0,Milwaukee,Bucks,MIL,4,1626158,Richaun Holmes,1610612764.0,Washington,Wizards,WAS,1,0,,,,,,1
0022400799,444,3,11,3,8:42 PM,5:41,Holmes Free Throw 1 of 2 (1 PTS),,,72 - 66,-6,4,1626158,Richaun Holmes,1610612764.0,Washington,Wizards,WAS,0,0,,,,,,0,0,,,,,,1
0022400799,445,8,0,3,8:42 PM,5:41,,,SUB: Kuzma FOR Antetokounmpo,,,5,203507,Giannis Antetokounmpo,1610612749.0,Milwaukee,Bucks,MIL,5,1628398,Kyle Kuzma,1610612749.0,Milwaukee,Bucks,MIL,0,0,,,,,,0
0022400799,447,3,12,3,8:42 PM,5:41,Holmes Free Throw 2 of 2 (2 PTS),,,72 - 67,-5,4,1626158,Richaun Holmes,1610612764.0,Washington,Wizards,WAS,0,0,,,,,,0,0,,,,,,1
0022400799,448,2,1,3,8:43 PM,5:21,,,MISS Trent Jr. 26' 3PT Jump Shot,,,5,1629018,Gary Trent Jr.,1610612749.0,Milwaukee,Bucks,MIL,0,0,,,,,,0,0,,,,,,1
0022400799,449,4,0,3,8:43 PM,5:19,Coulibaly REBOUND (Off:1 Def:2),,,,,4,1641731,Bilal Coulibaly,1610612764.0,Washington,Wizards,WAS,0,0,,,,,,0,0,,,,,,1
0022400799,450,5,1,3,8:43 PM,5:08,Holmes Bad Pass Turnover (P2.T7),,Lopez STEAL (1 STL),,,4,1626158,Richaun Holmes,1610612764.0,Washington,Wizards,WAS,5,201572,Brook Lopez,1610612749.0,Milwaukee,Bucks,MIL,0,0,,,,,,1
0022400799,452,6,2,3,8:43 PM,5:04,Poole S.FOUL (P2.PN) (S.Foster),,,,,4,1629673,Jordan Poole,1610612764.0,Washington,Wizards,WAS,5,1628398,Kyle Kuzma,1610612749.0,Milwaukee,Bucks,MIL,1,0,,,,,,1
0022400799,454,3,11,3,8:44 PM,5:04,,,Kuzma Free Throw 1 of 2 (17 PTS),73 - 67,-6,5,1628398,Kyle Kuzma,1610612749.0,Milwaukee,Bucks,MIL,0,0,,,,,,0,0,,,,,,1
0022400799,455,3,12,3,8:44 PM,5:04,,,MISS Kuzma Free Throw 2 of 2,,,5,1628398,Kyle Kuzma,1610612749.0,Milwaukee,Bucks,MIL,0,0,,,,,,0,0,,,,,,1
0022400799,456,4,0,3,8:44 PM,5:01,,,Kuzma REBOUND (Off:2 Def:6),,,5,1628398,Kyle Kuzma,1610612749.0,Milwaukee,Bucks,MIL,0,0,,,,,,0,0,,,,,,1
0022400799,457,1,72,3,8:44 PM,5:00,,,Kuzma 3' Putback Layup (19 PTS),75 - 67,-8,5,1628398,Kyle Kuzma,1610612749.0,Milwaukee,Bucks,MIL,0,0,,,,,,0,0,,,,,,1
0022400799,458,2,102,3,8:45 PM,4:38,MISS Kispert 8' Driving Floating Bank Jump Shot,,,,,4,1630557,Corey Kispert,1610612764.0,Washington,Wizards,WAS,0,0,,,,,,0,0,,,,,,1
0022400799,459,4,0,3,8:45 PM,4:38,,,Bucks Rebound,,,3,1610612749,,,,,,0,0,,,,,,0,0,,,,,,0
0022400799,462,6,4,3,8:45 PM,4:25,,,Lopez OFF.Foul (P2) (S.Foster),,,5,201572,Brook Lopez,1610612749.0,Milwaukee,Bucks,MIL,4,1629673,Jordan Poole,1610612764.0,Washington,Wizards,WAS,1,0,,,,,,1
0022400799,464,5,37,3,8:45 PM,4:25,,,Lopez Offensive Foul Turnover (P1.T10),,,5,201572,Brook Lopez,1610612749.0,Milwaukee,Bucks,MIL,0,0,,,,,,1,0,,,,,,1
0022400799,465,8,0,3,8:45 PM,4:25,SUB: Smart FOR Poole,,,,,4,1629673,Jordan Poole,1610612764.0,Washington,Wizards,WAS,4,203935,Marcus Smart,1610612764.0,Washington,Wizards,WAS,0,0,,,,,,0
0022400799,467,5,40,3,8:46 PM,4:15,Kispert Out of Bounds Lost Ball Turnover (P1.T8),,,,,4,1630557,Corey Kispert,1610612764.0,Washington,Wizards,WAS,0,0,,,,,,1,0,,,,,,1
0022400799,468,2,79,3,8:46 PM,4:02,,,MISS Kuzma 31' 3PT Pullup Jump Shot,,,5,1628398,Kyle Kuzma,1610612749.0,Milwaukee,Bucks,MIL,0,0,,,,,,0,0,,,,,,1
0022400799,469,4,0,3,8:46 PM,3:59,Carrington REBOUND (Off:0 Def:3),,,,,4,1642267,Bub Carrington,1610612764.0,Washington,Wizards,WAS,0,0,,,,,,0,0,,,,,,1
0022400799,470,5,1,3,8:46 PM,3:53,Coulibaly Bad Pass Turnover (P1.T9),,Rollins STEAL (2 STL),,,4,1641731,Bilal Coulibaly,1610612764.0,Washington,Wizards,WAS,5,1631157,Ryan Rollins,1610612749.0,Milwaukee,Bucks,MIL,0,0,,,,,,1
0022400799,472,2,74,3,8:46 PM,3:48,Holmes BLOCK (1 BLK),,MISS Kuzma 8' Running Reverse Layup,,,5,1628398,Kyle Kuzma,1610612749.0,Milwaukee,Bucks,MIL,0,0,,,,,,4,1626158,Richaun Holmes,1610612764.0,Washington,Wizards,WAS,1
0022400799,474,4,0,3,8:46 PM,3:43,Kispert REBOUND (Off:0 Def:2),,,,,4,1630557,Corey Kispert,1610612764.0,Washington,Wizards,WAS,0,0,,,,,,0,0,,,,,,1
0022400799,475,2,1,3,8:46 PM,3:37,MISS Coulibaly 24' 3PT Jump Shot,,,,,4,1641731,Bilal Coulibaly,1610612764.0,Washington,Wizards,WAS,0,0,,,,,,0,0,,,,,,1
0022400799,476,4,0,3,8:46 PM,3:34,Coulibaly REBOUND (Off:2 Def:2),,,,,4,1641731,Bilal Coulibaly,1610612764.0,Washington,Wizards,WAS,0,0,,,,,,0,0,,,,,,1
0022400799,477,1,87,3,8:46 PM,3:33,Coulibaly 1' Putback Dunk (4 PTS),,,75 - 69,-6,4,1641731,Bilal Coulibaly,1610612764.0,Washington,Wizards,WAS,0,0,,,,,,0,0,,,,,,1
0022400799,478,9,1,3,8:46 PM,3:33,,,Bucks Timeout: Regular (Reg.3 Short 0),,,3,1610612749,,,,,,0,0,,,,,,0,0,,,,,,0
0022400799,479,8,0,3,8:46 PM,3:33,SUB: George FOR Coulibaly,,,,,4,1641731,Bilal Coulibaly,1610612764.0,Washington,Wizards,WAS,4,1642273,Kyshawn George,1610612764.0,Washington,Wizards,WAS,0,0,,,,,,0
0022400799,480,8,0,3,8:46 PM,3:33,,,SUB: Sims FOR Lopez,,,5,201572,Brook Lopez,1610612749.0,Milwaukee,Bucks,MIL,5,1630579,Jericho Sims,1610612749.0,Milwaukee,Bucks,MIL,0,0,,,,,,0
0022400799,481,8,0,3,8:46 PM,3:33,,,SUB: Porter Jr. FOR Rollins,,,5,1631157,Ryan Rollins,1610612749.0,Milwaukee,Bucks,MIL,5,1629645,Kevin Porter Jr.,1610612749.0,Milwaukee,Bucks,MIL,0,0,,,,,,0
0022400799,486,1,63,3,8:48 PM,3:18,,,Trent Jr. 9' Fadeaway Jumper (6 PTS) (Porter Jr. 2 AST),77 - 69,-8,5,1629018,Gary Trent Jr.,1610612749.0,Milwaukee,Bucks,MIL,5,1629645,Kevin Porter Jr.,1610612749.0,Milwaukee,Bucks,MIL,0,0,,,,,,1
0022400799,488,1,6,3,8:49 PM,2:58,Smart 2' Driving Layup (5 PTS) (Kispert 1 AST),,,77 - 71,-6,4,203935,Marcus Smart,1610612764.0,Washington,Wizards,WAS,4,1630557,Corey Kispert,1610612764.0,Washington,Wizards,WAS,0,0,,,,,,1
0022400799,490,1,1,3,8:49 PM,2:43,,,Green 28' 3PT Jump Shot (9 PTS) (Kuzma 5 AST),80 - 71,-9,5,1631260,AJ Green,1610612749.0,Milwaukee,Bucks,MIL,5,1628398,Kyle Kuzma,1610612749.0,Milwaukee,Bucks,MIL,0,0,,,,,,1
0022400799,492,1,7,3,8:49 PM,2:25,Holmes 2' Dunk (4 PTS),,,80 - 73,-7,4,1626158,Richaun Holmes,1610612764.0,Washington,Wizards,WAS,0,0,,,,,,0,0,,,,,,1
0022400799,515,5,1,3,8:49 PM,2:06,Smart STEAL (1 STL),,Kuzma Bad Pass Turnover (P1.T11),,,5,1628398,Kyle Kuzma,1610612749.0,Milwaukee,Bucks,MIL,4,203935,Marcus Smart,1610612764.0,Washington,Wizards,WAS,0,0,,,,,,1
0022400799,519,5,1,3,8:49 PM,2:03,Kispert Bad Pass Turnover (P2.T10),,Porter Jr. STEAL (1 STL),,,4,1630557,Corey Kispert,1610612764.0,Washington,Wizards,WAS,5,1629645,Kevin Porter Jr.,1610612749.0,Milwaukee,Bucks,MIL,0,0,,,,,,1
0022400799,494,1,7,3,8:50 PM,2:00,,,Porter Jr. 2' Dunk (4 PTS),82 - 73,-9,5,1629645,Kevin Porter Jr.,1610612749.0,Milwaukee,Bucks,MIL,0,0,,,,,,0,0,,,,,,1
0022400799,495,2,1,3,8:50 PM,1:39,MISS George 30' 3PT Jump Shot,,,,,4,1642273,Kyshawn George,1610612764.0,Washington,Wizards,WAS,0,0,,,,,,0,0,,,,,,1
0022400799,496,4,0,3,8:50 PM,1:36,,,Green REBOUND (Off:0 Def:3),,,5,1631260,AJ Green,1610612749.0,Milwaukee,Bucks,MIL,0,0,,,,,,0,0,,,,,,1
0022400799,499,2,103,3,8:50 PM,1:32,,,MISS Trent Jr. 27' 3PT Running Pull-Up Jump Shot,,,5,1629018,Gary Trent Jr.,1610612749.0,Milwaukee,Bucks,MIL,0,0,,,,,,0,0,,,,,,1
0022400799,500,4,0,3,8:50 PM,1:30,Holmes REBOUND (Off:1 Def:3),,,,,4,1626158,Richaun Holmes,1610612764.0,Washington,Wizards,WAS,0,0,,,,,,0,0,,,,,,1
0022400799,501,1,9,3,8:50 PM,1:18,Holmes 2' Driving Dunk (6 PTS),,,82 - 75,-7,4,1626158,Richaun Holmes,1610612764.0,Washington,Wizards,WAS,0,0,,,,,,0,0,,,,,,1
0022400799,502,5,1,3,8:51 PM,0:57,Carrington STEAL (1 STL),,Kuzma Bad Pass Turnover (P2.T12),,,5,1628398,Kyle Kuzma,1610612749.0,Milwaukee,Bucks,MIL,4,1642267,Bub Carrington,1610612764.0,Washington,Wizards,WAS,0,0,,,,,,1
0022400799,504,2,2,3,8:51 PM,0:50,MISS Kispert 26' 3PT Running Jump Shot,,,,,4,1630557,Corey Kispert,1610612764.0,Washington,Wizards,WAS,0,0,,,,,,0,0,,,,,,1
0022400799,505,4,0,3,8:51 PM,0:47,,,Trent Jr. REBOUND (Off:0 Def:2),,,5,1629018,Gary Trent Jr.,1610612749.0,Milwaukee,Bucks,MIL,0,0,,,,,,0,0,,,,,,1
0022400799,507,8,0,3,8:51 PM,0:40,,,SUB: Rollins FOR Green,,,5,1631260,AJ Green,1610612749.0,Milwaukee,Bucks,MIL,5,1631157,Ryan Rollins,1610612749.0,Milwaukee,Bucks,MIL,0,0,,,,,,0
0022400799,509,6,2,3,8:51 PM,0:35,Holmes S.FOUL (P3.PN) (J.Sterling),,,,,4,1626158,Richaun Holmes,1610612764.0,Washington,Wizards,WAS,5,1629645,Kevin Porter Jr.,1610612749.0,Milwaukee,Bucks,MIL,1,0,,,,,,1
0022400799,511,3,13,3,8:52 PM,0:35,,,Porter Jr. Free Throw 1 of 3 (5 PTS),83 - 75,-8,5,1629645,Kevin Porter Jr.,1610612749.0,Milwaukee,Bucks,MIL,0,0,,,,,,0,0,,,,,,1
0022400799,512,3,14,3,8:52 PM,0:35,,,Porter Jr. Free Throw 2 of 3 (6 PTS),84 - 75,-9,5,1629645,Kevin Porter Jr.,1610612749.0,Milwaukee,Bucks,MIL,0,0,,,,,,0,0,,,,,,1
0022400799,513,3,15,3,8:52 PM,0:35,,,MISS Porter Jr. Free Throw 3 of 3,,,5,1629645,Kevin Porter Jr.,1610612749.0,Milwaukee,Bucks,MIL,0,0,,,,,,0,0,,,,,,1
0022400799,514,4,0,3,8:52 PM,0:35,,,Sims REBOUND (Off:1 Def:2),,,5,1630579,Jericho Sims,1610612749.0,Milwaukee,Bucks,MIL,0,0,,,,,,0,0,,,,,,0
0022400799,574,5,2,3,8:53 PM,0:33,Smart STEAL (2 STL),,Sims Lost Ball Turnover (P1.T13),,,5,1630579,Jericho Sims,1610612749.0,Milwaukee,Bucks,MIL,4,203935,Marcus Smart,1610612764.0,Washington,Wizards,WAS,0,0,,,,,,1
0022400799,517,6,1,3,8:53 PM,0:23,,,Trent Jr. P.FOUL (P1.T4) (S.Foster),,,5,1629018,Gary Trent Jr.,1610612749.0,Milwaukee,Bucks,MIL,4,1642267,Bub Carrington,1610612764.0,Washington,Wizards,WAS,1,0,,,,,,1
0022400799,521,2,6,3,8:53 PM,0:11,MISS George 6' Driving Layup,,Sims BLOCK (1 BLK),,,4,1642273,Kyshawn George,1610612764.0,Washington,Wizards,WAS,0,0,,,,,,5,1630579,Jericho Sims,1610612749.0,Milwaukee,Bucks,MIL,1
0022400799,523,4,0,3,8:53 PM,0:09,,,Porter Jr. REBOUND (Off:1 Def:2),,,5,1629645,Kevin Porter Jr.,1610612749.0,Milwaukee,Bucks,MIL,0,0,,,,,,0,0,,,,,,1
0022400799,524,2,79,3,8:54 PM,0:03,,,MISS Kuzma 26' 3PT Pullup Jump Shot,,,5,1628398,Kyle Kuzma,1610612749.0,Milwaukee,Bucks,MIL,0,0,,,,,,0,0,,,,,,1
0022400799,525,4,0,3,8:54 PM,0:01,WIZARDS Rebound,,,,,2,1610612764,,,,,,0,0,,,,,,0,0,,,,,,1
0022400799,528,13,0,3,8:55 PM,0:00,,End of 3rd Period (8:55 PM EST),,84 - 75,-9,0,0,,,,,,0,0,,,,,,0,0,,,,,,1
0022400799,531,12,0,4,8:58 PM,12:00,,Start of 4th Period (8:58 PM EST),,84 - 75,-9,0,0,,,,,,0,0,,,,,,0,0,,,,,,0
0022400799,532,2,47,4,8:58 PM,11:41,MISS Smart 10' Turnaround Jump Shot,,,,,4,203935,Marcus Smart,1610612764.0,Washington,Wizards,WAS,0,0,,,,,,0,0,,,,,,1
0022400799,533,4,0,4,8:58 PM,11:39,,,Sims REBOUND (Off:1 Def:3),,,5,1630579,Jericho Sims,1610612749.0,Milwaukee,Bucks,MIL,0,0,,,,,,0,0,,,,,,1
0022400799,534,1,79,4,8:58 PM,11:30,,,Trent Jr. 14' Pullup Jump Shot (8 PTS) (Sims 1 AST),86 - 75,-11,5,1629018,Gary Trent Jr.,1610612749.0,Milwaukee,Bucks,MIL,5,1630579,Jericho Sims,1610612749.0,Milwaukee,Bucks,MIL,0,0,,,,,,1
0022400799,535,6,2,4,8:59 PM,11:30,Carrington S.FOUL (P1.T1) (S.Foster),,,,,4,1642267,Bub Carrington,1610612764.0,Washington,Wizards,WAS,5,1629018,Gary Trent Jr.,1610612749.0,Milwaukee,Bucks,MIL,1,0,,,,,,1
0022400799,537,3,10,4,8:59 PM,11:30,,,Trent Jr. Free Throw 1 of 1 (9 PTS),87 - 75,-12,5,1629018,Gary Trent Jr.,1610612749.0,Milwaukee,Bucks,MIL,0,0,,,,,,0,0,,,,,,1
0022400799,538,2,79,4,8:59 PM,11:19,MISS Carrington 15' Pullup Jump Shot,,,,,4,1642267,Bub Carrington,1610612764.0,Washington,Wizards,WAS,0,0,,,,,,0,0,,,,,,1
0022400799,539,4,0,4,8:59 PM,11:18,Holmes REBOUND (Off:2 Def:3),,,,,4,1626158,Richaun Holmes,1610612764.0,Washington,Wizards,WAS,0,0,,,,,,0,0,,,,,,0
0022400799,540,6,2,4,8:59 PM,11:18,,,Kuzma S.FOUL (P4.T1) (S.Foster),,,5,1628398,Kyle Kuzma,1610612749.0,Milwaukee,Bucks,MIL,4,1626158,Richaun Holmes,1610612764.0,Washington,Wizards,WAS,1,0,,,,,,1
0022400799,542,3,11,4,8:59 PM,11:18,MISS Holmes Free Throw 1 of 2,,,,,4,1626158,Richaun Holmes,1610612764.0,Washington,Wizards,WAS,0,0,,,,,,0,0,,,,,,1
0022400799,543,4,1,4,8:59 PM,11:18,WIZARDS Rebound,,,,,2,1610612764,,,,,,0,0,,,,,,0,0,,,,,,0
0022400799,544,3,12,4,8:59 PM,11:18,Holmes Free Throw 2 of 2 (7 PTS),,,87 - 76,-11,4,1626158,Richaun Holmes,1610612764.0,Washington,Wizards,WAS,0,0,,,,,,0,0,,,,,,1
0022400799,545,2,101,4,9:00 PM,11:02,,,MISS Trent Jr. 9' Driving Floating Jump Shot,,,5,1629018,Gary Trent Jr.,1610612749.0,Milwaukee,Bucks,MIL,0,0,,,,,,0,0,,,,,,1
0022400799,546,4,0,4,9:00 PM,11:00,Holmes REBOUND (Off:2 Def:4),,,,,4,1626158,Richaun Holmes,1610612764.0,Washington,Wizards,WAS,0,0,,,,,,0,0,,,,,,1
0022400799,547,2,101,4,9:00 PM,10:52,MISS Carrington 14' Driving Floating Jump Shot,,,,,4,1642267,Bub Carrington,1610612764.0,Washington,Wizards,WAS,0,0,,,,,,0,0,,,,,,1
0022400799,548,4,0,4,9:00 PM,10:49,,,Trent Jr. REBOUND (Off:0 Def:3),,,5,1629018,Gary Trent Jr.,1610612749.0,Milwaukee,Bucks,MIL,0,0,,,,,,0,0,,,,,,1
0022400799,549,2,6,4,9:00 PM,10:43,,,MISS Porter Jr. 4' Driving Layup,,,5,1629645,Kevin Porter Jr.,1610612749.0,Milwaukee,Bucks,MIL,0,0,,,,,,0,0,,,,,,1
0022400799,550,4,0,4,9:00 PM,10:41,Smart REBOUND (Off:0 Def:1),,,,,4,203935,Marcus Smart,1610612764.0,Washington,Wizards,WAS,0,0,,,,,,0,0,,,,,,1
0022400799,551,5,2,4,9:01 PM,10:37,Champagnie Lost Ball Turnover (P2.T11),,Rollins STEAL (3 STL),,,4,1630551,Justin Champagnie,1610612764.0,Washington,Wizards,WAS,5,1631157,Ryan Rollins,1610612749.0,Milwaukee,Bucks,MIL,0,0,,,,,,1
0022400799,554,5,1,4,9:01 PM,10:13,Champagnie STEAL (1 STL),,Rollins Bad Pass Turnover (P2.T14),,,5,1631157,Ryan Rollins,1610612749.0,Milwaukee,Bucks,MIL,4,1630551,Justin Champagnie,1610612764.0,Washington,Wizards,WAS,0,0,,,,,,1
0022400799,556,2,78,4,9:01 PM,9:55,MISS Kispert 4' Floating Jump Shot,,,,,4,1630557,Corey Kispert,1610612764.0,Washington,Wizards,WAS,0,0,,,,,,0,0,,,,,,1
0022400799,557,4,0,4,9:01 PM,9:53,,,Sims REBOUND (Off:1 Def:4),,,5,1630579,Jericho Sims,1610612749.0,Milwaukee,Bucks,MIL,0,0,,,,,,0,0,,,,,,1
0022400799,558,1,2,4,9:01 PM,9:48,,,Rollins 24' 3PT Running Jump Shot (12 PTS) (Porter Jr. 3 AST),90 - 76,-14,5,1631157,Ryan Rollins,1610612749.0,Milwaukee,Bucks,MIL,5,1629645,Kevin Porter Jr.,1610612749.0,Milwaukee,Bucks,MIL,0,0,,,,,,1
0022400799,560,9,1,4,9:01 PM,9:48,WIZARDS Timeout: Regular (Full 5 Short 0),,,,,2,1610612764,,,,,,0,0,,,,,,0,0,,,,,,0
0022400799,561,8,0,4,9:01 PM,9:48,SUB: Poole FOR Holmes,,,,,4,1626158,Richaun Holmes,1610612764.0,Washington,Wizards,WAS,4,1629673,Jordan Poole,1610612764.0,Washington,Wizards,WAS,0,0,,,,,,0
0022400799,562,8,0,4,9:01 PM,9:48,SUB: George FOR Smart,,,,,4,203935,Marcus Smart,1610612764.0,Washington,Wizards,WAS,4,1642273,Kyshawn George,1610612764.0,Washington,Wizards,WAS,0,0,,,,,,0
0022400799,563,8,0,4,9:01 PM,9:48,SUB: Vukcevic FOR Champagnie,,,,,4,1630551,Justin Champagnie,1610612764.0,Washington,Wizards,WAS,4,1641774,Tristan Vukcevic,1610612764.0,Washington,Wizards,WAS,0,0,,,,,,0
0022400799,564,8,0,4,9:01 PM,9:48,,,SUB: Green FOR Kuzma,,,5,1628398,Kyle Kuzma,1610612749.0,Milwaukee,Bucks,MIL,5,1631260,AJ Green,1610612749.0,Milwaukee,Bucks,MIL,0,0,,,,,,0
0022400799,569,1,63,4,9:05 PM,9:31,Vukcevic 8' Fadeaway Jumper (2 PTS) (Kispert 2 AST),,,90 - 78,-12,4,1641774,Tristan Vukcevic,1610612764.0,Washington,Wizards,WAS,4,1630557,Corey Kispert,1610612764.0,Washington,Wizards,WAS,0,0,,,,,,1
0022400799,571,1,9,4,9:05 PM,9:15,,,Porter Jr. 2' Driving Dunk (8 PTS),92 - 78,-14,5,1629645,Kevin Porter Jr.,1610612749.0,Milwaukee,Bucks,MIL,0,0,,,,,,0,0,,,,,,1
0022400799,572,6,2,4,9:05 PM,8:57,,,Porter Jr. S.FOUL (P1.T2) (M.Dagher),,,5,1629645,Kevin Porter Jr.,1610612749.0,Milwaukee,Bucks,MIL,4,1641774,Tristan Vukcevic,1610612764.0,Washington,Wizards,WAS,1,0,,,,,,1
0022400799,576,3,11,4,9:06 PM,8:57,Vukcevic Free Throw 1 of 2 (3 PTS),,,92 - 79,-13,4,1641774,Tristan Vukcevic,1610612764.0,Washington,Wizards,WAS,0,0,,,,,,0,0,,,,,,1
0022400799,577,3,12,4,9:06 PM,8:57,Vukcevic Free Throw 2 of 2 (4 PTS),,,92 - 80,-12,4,1641774,Tristan Vukcevic,1610612764.0,Washington,Wizards,WAS,0,0,,,,,,0,0,,,,,,1
0022400799,578,1,80,4,9:06 PM,8:37,,,Porter Jr. 14' Step Back Jump Shot (10 PTS),94 - 80,-14,5,1629645,Kevin Porter Jr.,1610612749.0,Milwaukee,Bucks,MIL,0,0,,,,,,0,0,,,,,,1
0022400799,579,2,6,4,9:07 PM,8:23,MISS Poole 5' Driving Layup,,Rollins BLOCK (1 BLK),,,4,1629673,Jordan Poole,1610612764.0,Washington,Wizards,WAS,0,0,,,,,,5,1631157,Ryan Rollins,1610612749.0,Milwaukee,Bucks,MIL,1
0022400799,581,4,0,4,9:07 PM,8:23,WIZARDS Rebound,,,,,2,1610612764,,,,,,0,0,,,,,,0,0,,,,,,0
0022400799,583,1,108,4,9:07 PM,8:21,Kispert 1' Cutting Dunk Shot (16 PTS) (Poole 4 AST),,,94 - 82,-12,4,1630557,Corey Kispert,1610612764.0,Washington,Wizards,WAS,4,1629673,Jordan Poole,1610612764.0,Washington,Wizards,WAS,0,0,,,,,,1
0022400799,585,1,80,4,9:07 PM,7:59,,,Porter Jr. 14' Step Back Jump Shot (12 PTS),96 - 82,-14,5,1629645,Kevin Porter Jr.,1610612749.0,Milwaukee,Bucks,MIL,0,0,,,,,,0,0,,,,,,1
0022400799,586,1,101,4,9:07 PM,7:49,Carrington 11' Driving Floating Jump Shot (8 PTS),,,96 - 84,-12,4,1642267,Bub Carrington,1610612764.0,Washington,Wizards,WAS,0,0,,,,,,0,0,,,,,,1
0022400799,587,2,1,4,9:08 PM,7:24,,,MISS Rollins 26' 3PT Jump Shot,,,5,1631157,Ryan Rollins,1610612749.0,Milwaukee,Bucks,MIL,0,0,,,,,,0,0,,,,,,1
0022400799,588,4,0,4,9:08 PM,7:24,,,Bucks Rebound,,,3,1610612749,,,,,,0,0,,,,,,0,0,,,,,,1
0022400799,589,6,3,4,9:08 PM,7:24,Vukcevic L.B.FOUL (P1.T2) (J.Sterling),,,,,4,1641774,Tristan Vukcevic,1610612764.0,Washington,Wizards,WAS,5,1630579,Jericho Sims,1610612749.0,Milwaukee,Bucks,MIL,1,0,,,,,,1
0022400799,591,8,0,4,9:08 PM,7:24,SUB: Coulibaly FOR Kispert,,,,,4,1630557,Corey Kispert,1610612764.0,Washington,Wizards,WAS,4,1641731,Bilal Coulibaly,1610612764.0,Washington,Wizards,WAS,0,0,,,,,,0
0022400799,593,2,6,4,9:08 PM,7:19,,,MISS Porter Jr. 4' Driving Layup,,,5,1629645,Kevin Porter Jr.,1610612749.0,Milwaukee,Bucks,MIL,0,0,,,,,,0,0,,,,,,0
0022400799,595,4,0,4,9:08 PM,7:15,Vukcevic REBOUND (Off:0 Def:1),,,,,4,1641774,Tristan Vukcevic,1610612764.0,Washington,Wizards,WAS,0,0,,,,,,0,0,,,,,,0
0022400799,596,5,2,4,9:09 PM,7:05,Vukcevic Lost Ball Turnover (P1.T12),,Green STEAL (1 STL),,,4,1641774,Tristan Vukcevic,1610612764.0,Washington,Wizards,WAS,5,1631260,AJ Green,1610612749.0,Milwaukee,Bucks,MIL,0,0,,,,,,1
0022400799,598,1,41,4,9:09 PM,7:02,,,Rollins 8' Running Layup (14 PTS) (Trent Jr. 2 AST),98 - 84,-14,5,1631157,Ryan Rollins,1610612749.0,Milwaukee,Bucks,MIL,5,1629018,Gary Trent Jr.,1610612749.0,Milwaukee,Bucks,MIL,0,0,,,,,,1
0022400799,600,6,2,4,9:09 PM,7:02,Poole S.FOUL (P3.T3) (M.Dagher),,,,,4,1629673,Jordan Poole,1610612764.0,Washington,Wizards,WAS,5,1631157,Ryan Rollins,1610612749.0,Milwaukee,Bucks,MIL,1,0,,,,,,1
0022400799,602,3,10,4,9:09 PM,7:02,,,Rollins Free Throw 1 of 1 (15 PTS),99 - 84,-15,5,1631157,Ryan Rollins,1610612749.0,Milwaukee,Bucks,MIL,0,0,,,,,,0,0,,,,,,1
0022400799,603,6,1,4,9:09 PM,6:59,,,Rollins P.FOUL (P4.T3) (S.Foster),,,5,1631157,Ryan Rollins,1610612749.0,Milwaukee,Bucks,MIL,4,1641774,Tristan Vukcevic,1610612764.0,Washington,Wizards,WAS,1,0,,,,,,1
0022400799,605,6,1,4,9:10 PM,6:40,,,Porter Jr. P.FOUL (P2.T4) (J.Sterling),,,5,1629645,Kevin Porter Jr.,1610612749.0,Milwaukee,Bucks,MIL,4,1642267,Bub Carrington,1610612764.0,Washington,Wizards,WAS,1,0,,,,,,1
0022400799,607,8,0,4,9:10 PM,6:40,SUB: Middleton FOR Vukcevic,,,,,4,1641774,Tristan Vukcevic,1610612764.0,Washington,Wizards,WAS,4,203114,Khris Middleton,1610612764.0,Washington,Wizards,WAS,0,0,,,,,,0
0022400799,608,8,0,4,9:10 PM,6:40,SUB: Sarr FOR Carrington,,,,,4,1642267,Bub Carrington,1610612764.0,Washington,Wizards,WAS,4,1642259,Alex Sarr,1610612764.0,Washington,Wizards,WAS,0,0,,,,,,0
0022400799,611,2,1,4,9:11 PM,6:36,MISS Sarr 27' 3PT Jump Shot,,,,,4,1642259,Alex Sarr,1610612764.0,Washington,Wizards,WAS,0,0,,,,,,0,0,,,,,,1
0022400799,612,4,0,4,9:11 PM,6:33,,,Trent Jr. REBOUND (Off:0 Def:4),,,5,1629018,Gary Trent Jr.,1610612749.0,Milwaukee,Bucks,MIL,0,0,,,,,,0,0,,,,,,1
0022400799,613,2,1,4,9:11 PM,6:21,,,MISS Trent Jr. 26' 3PT Jump Shot,,,5,1629018,Gary Trent Jr.,1610612749.0,Milwaukee,Bucks,MIL,0,0,,,,,,0,0,,,,,,1
0022400799,614,4,0,4,9:11 PM,6:19,Sarr REBOUND (Off:1 Def:6),,,,,4,1642259,Alex Sarr,1610612764.0,Washington,Wizards,WAS,0,0,,,,,,0,0,,,,,,1
0022400799,615,1,50,4,9:11 PM,6:13,Sarr 3' Running Dunk (17 PTS) (Poole 5 AST),,,99 - 86,-13,4,1642259,Alex Sarr,1610612764.0,Washington,Wizards,WAS,4,1629673,Jordan Poole,1610612764.0,Washington,Wizards,WAS,0,0,,,,,,1
0022400799,617,9,1,4,9:11 PM,6:12,,,Bucks Timeout: Regular (Reg.4 Short 0),,,3,1610612749,,,,,,0,0,,,,,,0,0,,,,,,0
0022400799,618,2,1,4,9:14 PM,5:52,,,MISS Green 27' 3PT Jump Shot,,,5,1631260,AJ Green,1610612749.0,Milwaukee,Bucks,MIL,0,0,,,,,,0,0,,,,,,1
0022400799,619,4,0,4,9:14 PM,5:50,Middleton REBOUND (Off:0 Def:4),,,,,4,203114,Khris Middleton,1610612764.0,Washington,Wizards,WAS,0,0,,,,,,0,0,,,,,,1
0022400799,620,1,9,4,9:15 PM,5:42,Coulibaly 2' Driving Dunk (6 PTS) (Middleton 1 AST),,,99 - 88,-11,4,1641731,Bilal Coulibaly,1610612764.0,Washington,Wizards,WAS,4,203114,Khris Middleton,1610612764.0,Washington,Wizards,WAS,0,0,,,,,,1
0022400799,622,6,2,4,9:15 PM,5:42,,,Sims S.FOUL (P1.PN) (M.Dagher),,,5,1630579,Jericho Sims,1610612749.0,Milwaukee,Bucks,MIL,4,1641731,Bilal Coulibaly,1610612764.0,Washington,Wizards,WAS,1,0,,,,,,1
0022400799,624,9,1,4,9:15 PM,5:42,,,Bucks Timeout: Regular (Reg.5 Short 0),,,3,1610612749,,,,,,0,0,,,,,,0,0,,,,,,0
0022400799,625,8,0,4,9:15 PM,5:42,,,SUB: Lopez FOR Sims,,,5,1630579,Jericho Sims,1610612749.0,Milwaukee,Bucks,MIL,5,201572,Brook Lopez,1610612749.0,Milwaukee,Bucks,MIL,0,0,,,,,,0
0022400799,626,8,0,4,9:15 PM,5:42,,,SUB: Antetokounmpo FOR Trent Jr.,,,5,1629018,Gary Trent Jr.,1610612749.0,Milwaukee,Bucks,MIL,5,203507,Giannis Antetokounmpo,1610612749.0,Milwaukee,Bucks,MIL,0,0,,,,,,0
0022400799,627,8,0,4,9:15 PM,5:42,,,SUB: Kuzma FOR Rollins,,,5,1631157,Ryan Rollins,1610612749.0,Milwaukee,Bucks,MIL,5,1628398,Kyle Kuzma,1610612749.0,Milwaukee,Bucks,MIL,0,0,,,,,,0
0022400799,631,3,10,4,9:16 PM,5:42,Coulibaly Free Throw 1 of 1 (7 PTS),,,99 - 89,-10,4,1641731,Bilal Coulibaly,1610612764.0,Washington,Wizards,WAS,0,0,,,,,,0,0,,,,,,1
0022400799,632,2,86,4,9:17 PM,5:19,,,MISS Kuzma 17' Turnaround Fadeaway Shot,,,5,1628398,Kyle Kuzma,1610612749.0,Milwaukee,Bucks,MIL,0,0,,,,,,0,0,,,,,,1
0022400799,633,4,0,4,9:17 PM,5:16,Middleton REBOUND (Off:0 Def:5),,,,,4,203114,Khris Middleton,1610612764.0,Washington,Wizards,WAS,0,0,,,,,,0,0,,,,,,1
0022400799,634,6,2,4,9:17 PM,5:14,,,Green S.FOUL (P4.PN) (J.Sterling),,,5,1631260,AJ Green,1610612749.0,Milwaukee,Bucks,MIL,4,1629673,Jordan Poole,1610612764.0,Washington,Wizards,WAS,1,0,,,,,,1
0022400799,636,3,11,4,9:18 PM,5:14,MISS Poole Free Throw 1 of 2,,,,,4,1629673,Jordan Poole,1610612764.0,Washington,Wizards,WAS,0,0,,,,,,0,0,,,,,,1
0022400799,637,4,1,4,9:18 PM,5:14,WIZARDS Rebound,,,,,2,1610612764,,,,,,0,0,,,,,,0,0,,,,,,0
0022400799,638,3,12,4,9:18 PM,5:14,Poole Free Throw 2 of 2 (9 PTS),,,99 - 90,-9,4,1629673,Jordan Poole,1610612764.0,Washington,Wizards,WAS,0,0,,,,,,0,0,,,,,,1
0022400799,639,6,1,4,9:18 PM,5:11,George P.FOUL (P3.T4) (M.Dagher),,,,,4,1642273,Kyshawn George,1610612764.0,Washington,Wizards,WAS,5,1629645,Kevin Porter Jr.,1610612749.0,Milwaukee,Bucks,MIL,1,0,,,,,,1
0022400799,641,6,2,4,9:19 PM,4:53,Sarr S.FOUL (P4.PN) (M.Dagher),,,,,4,1642259,Alex Sarr,1610612764.0,Washington,Wizards,WAS,5,203507,Giannis Antetokounmpo,1610612749.0,Milwaukee,Bucks,MIL,1,0,,,,,,1
0022400799,643,3,11,4,9:19 PM,4:53,,,Antetokounmpo Free Throw 1 of 2 (18 PTS),100 - 90,-10,5,203507,Giannis Antetokounmpo,1610612749.0,Milwaukee,Bucks,MIL,0,0,,,,,,0,0,,,,,,1
0022400799,644,3,12,4,9:19 PM,4:53,,,MISS Antetokounmpo Free Throw 2 of 2,,,5,203507,Giannis Antetokounmpo,1610612749.0,Milwaukee,Bucks,MIL,0,0,,,,,,0,0,,,,,,1
0022400799,645,4,0,4,9:19 PM,4:50,,,Antetokounmpo REBOUND (Off:2 Def:3),,,5,203507,Giannis Antetokounmpo,1610612749.0,Milwaukee,Bucks,MIL,0,0,,,,,,0,0,,,,,,1
0022400799,646,2,87,4,9:20 PM,4:49,,,MISS Antetokounmpo 2' Putback Dunk,,,5,203507,Giannis Antetokounmpo,1610612749.0,Milwaukee,Bucks,MIL,0,0,,,,,,0,0,,,,,,1
0022400799,647,4,0,4,9:20 PM,4:49,WIZARDS Rebound,,,,,2,1610612764,,,,,,0,0,,,,,,0,0,,,,,,1
0022400799,649,2,79,4,9:20 PM,4:43,MISS Poole 29' 3PT Pullup Jump Shot,,,,,4,1629673,Jordan Poole,1610612764.0,Washington,Wizards,WAS,0,0,,,,,,0,0,,,,,,1
0022400799,650,4,0,4,9:20 PM,4:39,Coulibaly REBOUND (Off:3 Def:2),,,,,4,1641731,Bilal Coulibaly,1610612764.0,Washington,Wizards,WAS,0,0,,,,,,0,0,,,,,,1
0022400799,651,5,1,4,9:20 PM,4:30,Poole Bad Pass Turnover (P1.T13),,Porter Jr. STEAL (2 STL),,,4,1629673,Jordan Poole,1610612764.0,Washington,Wizards,WAS,5,1629645,Kevin Porter Jr.,1610612749.0,Milwaukee,Bucks,MIL,0,0,,,,,,1
0022400799,653,5,1,4,9:20 PM,4:28,Middleton STEAL (2 STL),,Porter Jr. Bad Pass Turnover (P1.T15),,,5,1629645,Kevin Porter Jr.,1610612749.0,Milwaukee,Bucks,MIL,4,203114,Khris Middleton,1610612764.0,Washington,Wizards,WAS,0,0,,,,,,1
0022400799,655,2,47,4,9:20 PM,4:22,MISS Sarr 8' Turnaround Jump Shot,,,,,4,1642259,Alex Sarr,1610612764.0,Washington,Wizards,WAS,0,0,,,,,,0,0,,,,,,1
0022400799,656,4,0,4,9:20 PM,4:20,,,Antetokounmpo REBOUND (Off:2 Def:4),,,5,203507,Giannis Antetokounmpo,1610612749.0,Milwaukee,Bucks,MIL,0,0,,,,,,0,0,,,,,,1
0022400799,657,5,2,4,9:21 PM,4:04,Sarr STEAL (2 STL),,Antetokounmpo Lost Ball Turnover (P7.T16),,,5,203507,Giannis Antetokounmpo,1610612749.0,Milwaukee,Bucks,MIL,4,1642259,Alex Sarr,1610612764.0,Washington,Wizards,WAS,0,0,,,,,,1
0022400799,659,1,76,4,9:21 PM,4:02,Sarr 3' Running Finger Roll Layup (19 PTS),,,100 - 92,-8,4,1642259,Alex Sarr,1610612764.0,Washington,Wizards,WAS,0,0,,,,,,0,0,,,,,,1
0022400799,660,2,6,4,9:21 PM,3:36,George BLOCK (2 BLK),,MISS Antetokounmpo 11' Driving Layup,,,5,203507,Giannis Antetokounmpo,1610612749.0,Milwaukee,Bucks,MIL,0,0,,,,,,4,1642273,Kyshawn George,1610612764.0,Washington,Wizards,WAS,1
0022400799,662,4,0,4,9:21 PM,3:36,George REBOUND (Off:1 Def:4),,,,,4,1642273,Kyshawn George,1610612764.0,Washington,Wizards,WAS,0,0,,,,,,0,0,,,,,,1
0022400799,663,6,1,4,9:21 PM,3:36,,,Antetokounmpo P.FOUL (P6.PN) (S.Foster),,,5,203507,Giannis Antetokounmpo,1610612749.0,Milwaukee,Bucks,MIL,4,1642273,Kyshawn George,1610612764.0,Washington,Wizards,WAS,1,0,,,,,,1
0022400799,665,8,0,4,9:21 PM,3:36,,,SUB: Trent Jr. FOR Antetokounmpo,,,5,203507,Giannis Antetokounmpo,1610612749.0,Milwaukee,Bucks,MIL,5,1629018,Gary Trent Jr.,1610612749.0,Milwaukee,Bucks,MIL,0,0,,,,,,0
0022400799,667,3,11,4,9:22 PM,3:36,MISS George Free Throw 1 of 2,,,,,4,1642273,Kyshawn George,1610612764.0,Washington,Wizards,WAS,0,0,,,,,,0,0,,,,,,1
0022400799,668,4,1,4,9:22 PM,3:36,WIZARDS Rebound,,,,,2,1610612764,,,,,,0,0,,,,,,0,0,,,,,,0
0022400799,669,3,12,4,9:22 PM,3:36,George Free Throw 2 of 2 (4 PTS),,,100 - 93,-7,4,1642273,Kyshawn George,1610612764.0,Washington,Wizards,WAS,0,0,,,,,,0,0,,,,,,1
0022400799,670,2,102,4,9:23 PM,3:16,,,MISS Kuzma 8' Driving Floating Bank Jump Shot,,,5,1628398,Kyle Kuzma,1610612749.0,Milwaukee,Bucks,MIL,0,0,,,,,,0,0,,,,,,1
0022400799,671,4,0,4,9:23 PM,3:14,George REBOUND (Off:1 Def:5),,,,,4,1642273,Kyshawn George,1610612764.0,Washington,Wizards,WAS,0,0,,,,,,0,0,,,,,,1
0022400799,672,2,6,4,9:23 PM,3:08,MISS Sarr 4' Driving Layup,,Green BLOCK (1 BLK),,,4,1642259,Alex Sarr,1610612764.0,Washington,Wizards,WAS,0,0,,,,,,5,1631260,AJ Green,1610612749.0,Milwaukee,Bucks,MIL,1
0022400799,674,4,0,4,9:23 PM,3:05,,,Trent Jr. REBOUND (Off:0 Def:5),,,5,1629018,Gary Trent Jr.,1610612749.0,Milwaukee,Bucks,MIL,0,0,,,,,,0,0,,,,,,1
0022400799,675,5,2,4,9:23 PM,2:54,George STEAL (1 STL),,Green Lost Ball Turnover (P1.T17),,,5,1631260,AJ Green,1610612749.0,Milwaukee,Bucks,MIL,4,1642273,Kyshawn George,1610612764.0,Washington,Wizards,WAS,0,0,,,,,,1
0022400799,677,1,1,4,9:23 PM,2:39,Sarr 26' 3PT Jump Shot (22 PTS) (Middleton 2 AST),,,100 - 96,-4,4,1642259,Alex Sarr,1610612764.0,Washington,Wizards,WAS,4,203114,Khris Middleton,1610612764.0,Washington,Wizards,WAS,0,0,,,,,,1
0022400799,679,2,6,4,9:23 PM,2:21,,,MISS Porter Jr. 3' Driving Layup,,,5,1629645,Kevin Porter Jr.,1610612749.0,Milwaukee,Bucks,MIL,0,0,,,,,,0,0,,,,,,1
0022400799,680,4,0,4,9:23 PM,2:20,George REBOUND (Off:1 Def:6),,,,,4,1642273,Kyshawn George,1610612764.0,Washington,Wizards,WAS,0,0,,,,,,0,0,,,,,,1
0022400799,681,1,6,4,9:24 PM,2:11,Poole 2' Driving Layup (11 PTS),,,100 - 98,-2,4,1629673,Jordan Poole,1610612764.0,Washington,Wizards,WAS,0,0,,,,,,0,0,,,,,,1
0022400799,682,9,1,4,9:24 PM,2:11,,,Bucks Timeout: Regular (Reg.6 Short 0),,,3,1610612749,,,,,,0,0,,,,,,0,0,,,,,,0
0022400799,683,8,0,4,9:25 PM,2:11,,,SUB: Rollins FOR Green,,,5,1631260,AJ Green,1610612749.0,Milwaukee,Bucks,MIL,5,1631157,Ryan Rollins,1610612749.0,Milwaukee,Bucks,MIL,0,0,,,,,,0
0022400799,685,6,1,4,9:26 PM,1:54,Middleton P.FOUL (P2.PN) (S.Foster),,,,,4,203114,Khris Middleton,1610612764.0,Washington,Wizards,WAS,5,201572,Brook Lopez,1610612749.0,Milwaukee,Bucks,MIL,1,0,,,,,,1
0022400799,687,3,11,4,9:26 PM,1:54,,,Lopez Free Throw 1 of 2 (15 PTS),101 - 98,-3,5,201572,Brook Lopez,1610612749.0,Milwaukee,Bucks,MIL,0,0,,,,,,0,0,,,,,,1
0022400799,688,3,12,4,9:27 PM,1:54,,,Lopez Free Throw 2 of 2 (16 PTS),102 - 98,-4,5,201572,Brook Lopez,1610612749.0,Milwaukee,Bucks,MIL,0,0,,,,,,0,0,,,,,,1
0022400799,689,5,1,4,9:27 PM,1:38,Middleton Bad Pass Turnover (P2.T14),,Porter Jr. STEAL (3 STL),,,4,203114,Khris Middleton,1610612764.0,Washington,Wizards,WAS,5,1629645,Kevin Porter Jr.,1610612749.0,Milwaukee,Bucks,MIL,0,0,,,,,,1
0022400799,691,2,1,4,9:27 PM,1:20,,,MISS Rollins 27' 3PT Jump Shot,,,5,1631157,Ryan Rollins,1610612749.0,Milwaukee,Bucks,MIL,0,0,,,,,,0,0,,,,,,1
0022400799,692,4,0,4,9:27 PM,1:18,George REBOUND (Off:1 Def:7),,,,,4,1642273,Kyshawn George,1610612764.0,Washington,Wizards,WAS,0,0,,,,,,0,0,,,,,,1
0022400799,693,2,1,4,9:27 PM,1:09,MISS Sarr 26' 3PT Jump Shot,,,,,4,1642259,Alex Sarr,1610612764.0,Washington,Wizards,WAS,0,0,,,,,,0,0,,,,,,1
0022400799,694,4,0,4,9:27 PM,1:07,WIZARDS Rebound,,,,,2,1610612764,,,,,,0,0,,,,,,0,0,,,,,,1
0022400799,695,10,0,4,9:29 PM,1:07,Jump Ball Middleton vs. Porter Jr.: Tip to Coulibaly,,,,,4,203114,Khris Middleton,1610612764.0,Washington,Wizards,WAS,5,1629645,Kevin Porter Jr.,1610612749.0,Milwaukee,Bucks,MIL,4,1641731,Bilal Coulibaly,1610612764.0,Washington,Wizards,WAS,0
0022400799,698,1,1,4,9:29 PM,1:01,Middleton 26' 3PT Jump Shot (12 PTS) (Coulibaly 4 AST),,,102 - 101,-1,4,203114,Khris Middleton,1610612764.0,Washington,Wizards,WAS,4,1641731,Bilal Coulibaly,1610612764.0,Washington,Wizards,WAS,0,0,,,,,,1
0022400799,700,6,2,4,9:29 PM,0:38,Coulibaly S.FOUL (P3.PN) (S.Foster),,,,,4,1641731,Bilal Coulibaly,1610612764.0,Washington,Wizards,WAS,5,201572,Brook Lopez,1610612749.0,Milwaukee,Bucks,MIL,1,0,,,,,,1
0022400799,702,3,11,4,9:30 PM,0:38,,,Lopez Free Throw 1 of 2 (17 PTS),103 - 101,-2,5,201572,Brook Lopez,1610612749.0,Milwaukee,Bucks,MIL,0,0,,,,,,0,0,,,,,,1
0022400799,703,3,12,4,9:30 PM,0:38,,,Lopez Free Throw 2 of 2 (18 PTS),104 - 101,-3,5,201572,Brook Lopez,1610612749.0,Milwaukee,Bucks,MIL,0,0,,,,,,0,0,,,,,,1
0022400799,704,9,1,4,9:30 PM,0:38,WIZARDS Timeout: Regular (Full 6 Short 0),,,,,2,1610612764,,,,,,0,0,,,,,,0,0,,,,,,0
0022400799,705,8,0,4,9:30 PM,0:38,SUB: Kispert FOR Coulibaly,,,,,4,1641731,Bilal Coulibaly,1610612764.0,Washington,Wizards,WAS,4,1630557,Corey Kispert,1610612764.0,Washington,Wizards,WAS,0,0,,,,,,0
0022400799,707,2,6,4,9:32 PM,0:33,MISS Middleton 6' Driving Layup,,Lopez BLOCK (2 BLK),,,4,203114,Khris Middleton,1610612764.0,Washington,Wizards,WAS,0,0,,,,,,5,201572,Brook Lopez,1610612749.0,Milwaukee,Bucks,MIL,1
0022400799,709,4,0,4,9:32 PM,0:30,,,Lopez REBOUND (Off:2 Def:7),,,5,201572,Brook Lopez,1610612749.0,Milwaukee,Bucks,MIL,0,0,,,,,,0,0,,,,,,1
0022400799,710,2,1,4,9:32 PM,0:11,,,MISS Kuzma 26' 3PT Jump Shot,,,5,1628398,Kyle Kuzma,1610612749.0,Milwaukee,Bucks,MIL,0,0,,,,,,0,0,,,,,,1
0022400799,711,4,0,4,9:32 PM,0:08,George REBOUND (Off:1 Def:8),,,,,4,1642273,Kyshawn George,1610612764.0,Washington,Wizards,WAS,0,0,,,,,,0,0,,,,,,1
0022400799,712,9,1,4,9:32 PM,0:05,WIZARDS Timeout: Regular (Full 7 Short 0),,,,,2,1610612764,,,,,,0,0,,,,,,0,0,,,,,,0
0022400799,713,2,47,4,9:34 PM,0:03,MISS Middleton 28' 3PT Turnaround Jump Shot,,,,,4,203114,Khris Middleton,1610612764.0,Washington,Wizards,WAS,0,0,,,,,,0,0,,,,,,1
0022400799,714,4,0,4,9:34 PM,0:00,,,Trent Jr. REBOUND (Off:0 Def:6),,,5,1629018,Gary Trent Jr.,1610612749.0,Milwaukee,Bucks,MIL,0,0,,,,,,0,0,,,,,,1
0022400799,715,13,0,4,9:34 PM,0:00,,End of 4th Period (9:34 PM EST),,104 - 101,-3,0,0,,,,,,0,0,,,,,,0,0,,,,,,1
